Title,Price,Brand,Color,Size,Link,Image Source,Localisation,Gender
Nike court vision mid nieuw! Unisex,53.0,NIKE,NOIR,40,https://www.vinted.fr/items/3879596091-nike-court-vision-mid-nieuw-unisex?referrer=catalog,https://images1.vinted.net/t/03_0199d_zPk7taTNFM7ojYE1s8ZggsBN/310x430/1702489235.jpeg?s=ffd9142f31bf2753e643279c302e4bd6efded701,PAYS-BAS,Men
Zwarte Nike Air Max schoenen,19.99,NIKE,NOIR,41,https://www.vinted.fr/items/3911558584-zwarte-nike-air-max-schoenen?referrer=catalog,https://images1.vinted.net/t/03_0181f_wchGzSPbvE4X3TbQVG7kbK9S/310x430/1703683939.jpeg?s=fc5de8255d7c27e798f13e2a4e0f5caa8416e6a7,"SASSENHEIM, PAYS-BAS",Men
Nike Air Force 1 shadow - zwart maat 39,60.0,NIKE,NOIR,39,https://www.vinted.fr/items/3817934940-nike-air-force-1-shadow-zwart-maat-39?referrer=catalog,https://images1.vinted.net/t/01_00463_1y4KrFRjxRmHnj6wxVa3f7zA/310x430/1701106611.jpeg?s=a6b57a2addb20493ea733154542d04865953f448,"HOORN, PAYS-BAS",Men
Nike phantom,100.0,NIKE,"NOIR, ORANGE","45,5",https://www.vinted.fr/items/3856587063-nike-phantom?referrer=catalog,https://images1.vinted.net/t/02_00843_6fAbBry6KX5aDC7o256vwonb/310x430/1701971731.jpeg?s=4caa76c761b73697a59bf2f75581c49479bb41bd,"EMMEN, PAYS-BAS",Men
Nike Phantom GX Elite,150.0,NIKE,"NOIR, ROSE",44,https://www.vinted.fr/items/3910971158-nike-phantom-gx-elite?referrer=catalog,https://images1.vinted.net/t/01_023e9_VQjGmKJJmfxcaPSe6uVTw2by/310x430/1703675281.jpeg?s=e8da525f0a739d1b79e77dd5a07bbdb3eeb038b4,PAYS-BAS,Men
Nike air force,60.0,NIKE,"BLANC, ROUGE","43,5",https://www.vinted.fr/items/3269244091-nike-air-force?referrer=catalog,https://images1.vinted.net/t/02_00457_Z2EowNJW8uo7HxMi1Bje2crw/310x430/1690116844.jpeg?s=ada116f7497fb6921d16f84d3b45eb7cf338e4ab,"STEENDEREN, PAYS-BAS",Men
Nike Mag back to the futur,250.0,NIKE,"GRIS, BLANC",45,https://www.vinted.fr/items/3829933381-nike-mag-back-to-the-futur?referrer=catalog,https://images1.vinted.net/t/03_02322_E9yUzkgTZkoW9f4zcw9kK1c3/310x430/1701367055.jpeg?s=7e8c8ab8f4c3e310f9340316dc1f336dbd5abab6,FRANCE,Men
Nike Air Max 95 blue azul negra ,35.0,NIKE,NOIR,38,https://www.vinted.fr/items/3900893945-nike-air-max-95-blue-azul-negra?referrer=catalog,https://images1.vinted.net/t/03_01d47_sg136bh7r2PsvQEzi9QVVvWz/310x430/1703165269.jpeg?s=edc88b324adbb0b9cd069dff60d1ec589b40762a,ESPAGNE,Men
Botas de f√∫tbol nike phantom gt2 academia tala 38.5.  24cm,50.0,NIKE,"NOIR, DOR√â",38,https://www.vinted.fr/items/2553331424-botas-de-futbol-nike-phantom-gt2-academia-tala-385-24cm,https://images1.vinted.net/t/02_00e1a_68RJYx69B56NUnXmTL73QMx6/310x430/1672742572.jpeg?s=ffa03821348bb95b886eee088eed06fb57d3838c,ESPAGNE,Men
Nike sportschoenen,10.0,NIKE,NOIR,38,https://www.vinted.fr/items/3530659326-nike-sportschoenen?referrer=catalog,https://images1.vinted.net/t/02_00d96_9VAAESCnvtJARPWJ5neiEP7b/310x430/1695817652.jpeg?s=5b12c53396b749e5747e61cf10824eab6cdfc833,"LOKEREN, BELGIQUE",Men
Nieuw in oorspronkelijke doos: Nike Ebernon Low,47.5,NIKE,BLANC,44,https://www.vinted.fr/items/3730582352-nieuw-in-oorspronkelijke-doos-nike-ebernon-low?referrer=catalog,https://images1.vinted.net/t/01_012da_FybdKBYKxCAPFjCSeqnCehsZ/310x430/1699452191.jpeg?s=6b7139894fb4dbf96a19ba98f892f2d055c98db2,"UTRECHT, PAYS-BAS",Men
Zapatillas de f√∫tbol sala Nike,,"43,00¬†‚Ç¨",BLEU,Nike,https://www.vinted.fr/items/3834156847-zapatillas-de-futbol-sala-nike-talla-41?referrer=catalog,https://images1.vinted.net/t/01_0151f_6k2ufguAcrBDjW18VEpx3kiJ/310x430/1702756366.jpeg?s=00e83331a648f3900e93b4486221977ea2e94daf,"TORREMOLINOS, ESPAGNE",Men
Nike sb dunk low raspberry,135.0,NIKE,BLEU,"42,5",https://www.vinted.fr/items/3810508919-nike-sb-dunk-low-raspberry?referrer=catalog,https://images1.vinted.net/t/03_00ade_5GrQq38TP5ai5mJAep9DEYki/310x430/1700997034.jpeg?s=29df0107a86442fd0db3e44bc3d9561a3abfda63,"LEUVEN, BELGIQUE",Men
Nike adapt bb ,320.0,NIKE,GRIS,43,https://www.vinted.fr/items/3454838910-nike-adapt-bb?referrer=catalog,https://images1.vinted.net/t/03_00d3e_NBvyb6gV3qvi1jABukZNSf7Q/310x430/1694339779.jpeg?s=eade36b40bc5d334f1a5630e4e336ef96b7993a3,"MALLEMOISSON, FRANCE",Men
Nike air force ,39.0,NIKE,NOIR,41,https://www.vinted.fr/items/3728676749-nike-air-force?referrer=catalog,https://images1.vinted.net/t/03_01ba1_WrA3wEPt6QGiay7xqD4qWjrU/310x430/1699412405.jpeg?s=3b5a128bac2959ed593e3144e8796e74ff6af835,"VEENENDAAL, PAYS-BAS",Men
Nike Air Max One x Patta (Noise Aqua),265.0,NIKE,BLEU,44,https://www.vinted.fr/items/3343582156-nike-air-max-one-x-patta-noise-aqua?referrer=catalog,https://images1.vinted.net/t/01_0216f_Jv8XrGgRTiyXx2yPLPvQspYa/310x430/1691862994.jpeg?s=78268d3d6dd91c327bdacbe6baa0fa001e00986a,"GRONINGEN, PAYS-BAS",Men
nike react vision wolf grey ,100.0,NIKE,"NOIR, GRIS",39,https://www.vinted.fr/items/3630051059-nike-react-vision-wolf-grey?referrer=catalog,https://images1.vinted.net/t/03_011dd_feJbKpatqYJJbn8yXp6g8BH7/310x430/1697661466.jpeg?s=ea2290b9fdad602bec47dc972734fff8be62b583,"EKEREN, BELGIQUE",Men
Nike air max 90 talla 44 28 cm originales a estrenar,89.0,NIKE,"ROUGE, ARGENT√â",44,https://www.vinted.fr/items/3831508107-nike-air-max-90-talla-44-28-cm-originales-a-estrenar?referrer=catalog,https://images1.vinted.net/t/03_0225b_CmaA6WYKQWMVHMqMhBzUnZvc/310x430/1701424908.jpeg?s=9dbc56221356552091247dd218d3b4b823cf67d9,ESPAGNE,Men
Cortez x Union,125.0,NIKE,"BEIGE, ROSE",43,https://www.vinted.fr/items/3879837691-cortez-x-union?referrer=catalog,https://images1.vinted.net/t/01_00ad8_HxPNsykJMZvksiPwDfwLK5cS/310x430/1702493231.jpeg?s=6b0793b3a113622acc46c826f3946f2bba131a1e,"NANTES, FRANCE",Men
Nike schoenen ,40.0,NIKE,"NOIR, ROUGE",39,https://www.vinted.fr/items/3257433437-nike-schoenen?referrer=catalog,https://images1.vinted.net/t/01_00c7a_xZBYV4pjE1dDXook1dfg4a8X/310x430/1689782096.jpeg?s=11841d0384a80820e0020a370d16b1a9e1c321f1,"HEUSDEN-ZOLDER, BELGIQUE",Men
Nike Jordan (44.5),80.0,NIKE,"GRIS, VERT","44,5",https://www.vinted.fr/items/3871488343-nike-jordan-445?referrer=catalog,https://images1.vinted.net/t/02_01e30_k84HU6iqAnZuLMskM8Jbdcum/310x430/1702301727.jpeg?s=121ecec55ced848f65308b58b7d39eba7a62dc9f,"AMSTERDAM, PAYS-BAS",Men
Nike schoen,35.0,NIKE,"NOIR, BLEU",40,https://www.vinted.fr/items/1273465144-nike-schoen?referrer=catalog,https://images1.vinted.net/t/03_01a76_7thETFKrPvBNjBxypomJVYLH/310x430/1629824950.jpeg?s=afabd0c6519b58037935b7dd807b79a8f9374be4,PAYS-BAS,Men
Nike Waffle Trainer 2 sp,70.0,NIKE,"GRIS, BLEU","45,5",https://www.vinted.fr/items/3125618794-nike-waffle-trainer-2-sp?referrer=catalog,https://images1.vinted.net/t/02_019e1_axUJrV9KBEHNfdp3rmBYksCJ/310x430/1686501646.jpeg?s=b331b6aebb82c0ae46d565f484f000dd7d859f97,"TOURS, FRANCE",Men
Nike Kyrie 5 Friends,37.5,NIKE,"NOIR, ROUGE",40,https://www.vinted.fr/items/3332632399-nike-kyrie-5-friends?referrer=catalog,https://images1.vinted.net/t/02_01ad5_vhZAjXwtpTSa74xruRPbzr3f/310x430/1691590780.jpeg?s=8f67aa95326b77818049d89cad056f9560f81f0a,"UTRECHT, PAYS-BAS",Men
Ja 1 Christmas,270.0,NIKE,"VIOLET, MENTHE","48,5",https://www.vinted.fr/items/3910900369-ja-1-christmas?referrer=catalog,https://images1.vinted.net/t/03_00d7e_uodUi22E3SG8wBB1m3js2yZW/310x430/1703674155.jpeg?s=c85508439693d72702907a5a050dca4a7921c330,"OOSTENDE, BELGIQUE",Men
Nike Metcon fitness schoenen nieuw,69.95,NIKE,"GRIS, BLANC",44,https://www.vinted.fr/items/3337903131-nike-metcon-fitness-schoenen-nieuw?referrer=catalog,https://images1.vinted.net/t/02_017ab_SgpMNvjhLCuyUvJzqfFB8wKt/310x430/1691733627.jpeg?s=f16d4c9de1880af03784801a7bdaef795d2cb33c,PAYS-BAS,Men
Nike schoenen ,20.0,NIKE,BLANC,44,https://www.vinted.fr/items/2979657517-nike-schoenen?referrer=catalog,https://images1.vinted.net/t/01_019d8_v22torgA9XEs8RtjUx3z6ruo/310x430/1683210017.jpeg?s=fadd56a12db279eccebafbfb0ca293eab9ee230c,PAYS-BAS,Men
Nike air penny 2 üèÄ neuves,47.99,NIKE,"NOIR, BLANC","40,5",https://www.vinted.fr/items/3602231131-nike-air-penny-2-neuves?referrer=catalog,https://images1.vinted.net/t/01_018af_2K5Rxif9WdMDpZ3R79nF58xB/310x430/1697199032.jpeg?s=d25776e1e21af17b804acd02eebcbbaaf04667be,"LE HAILLAN, FRANCE",Men
Nike Adapt BB Air Mag,370.0,NIKE,GRIS,46,https://www.vinted.fr/items/3743341265-nike-adapt-bb-air-mag?referrer=catalog,https://images1.vinted.net/t/03_00357_DNCT3bc2Mp6YAX7WTWqS2CkW/310x430/1699711446.jpeg?s=377e7f091c4578dae56593487398ea665ce34a8d,FRANCE,Men
Nike sportschoenen zwart,35.99,NIKE,NOIR,38,https://www.vinted.fr/items/3914971225-nike-sportschoenen-zwart?referrer=catalog,https://images1.vinted.net/t/02_0258d_apz6cgeFPtBkARQ86ejyhAe1/310x430/1703771823.jpeg?s=bc758870396f241268b66bacecf7da8a2f986399,PAYS-BAS,Men
nike air force high,45.0,NIKE,"NOIR, BLANC",41,https://www.vinted.fr/items/3887215617-nike-air-force-high?referrer=catalog,https://images1.vinted.net/t/02_00d5c_zZgeCEc9rdy8Khyh5hanYxdd/310x430/1702728994.jpeg?s=f13c1d3c4732a810f4496ec04dd4594c7d67f512,"MASSEMEN, BELGIQUE",Men
Nike Air Max 1 P,290.0,NIKE,BLANC,41,https://www.vinted.fr/items/3900275550-nike-air-max-1-p?referrer=catalog,https://images1.vinted.net/t/01_00eda_rCUMPnQywLjcJrCevKNkTc2P/310x430/1703148310.jpeg?s=a742ddd3f4cd6a2c644d6d730e6e6d9e81ec2c1c,PAYS-BAS,Men
Nike air max alpha trainer 4 talla 44 28 cm originales a estrenar,64.0,NIKE,NOIR,44,https://www.vinted.fr/items/3831545295-nike-air-max-alpha-trainer-4-talla-44-28-cm-originales-a-estrenar?referrer=catalog,https://images1.vinted.net/t/01_00224_rMpZM68G2urPCDUSgKg1xkX5/310x430/1701425487.jpeg?s=ca0ce572182301bd7900e2883455d7e861dbc981,ESPAGNE,Men
Nike Air Max 95 beige black ,120.0,NIKE,NOIR,40,https://www.vinted.fr/items/3900860872-nike-air-max-95-beige-black,https://images1.vinted.net/t/02_0069f_HR4uuq95KXcNridDiaPbhoix/310x430/1703164468.jpeg?s=e0700de5d9e49225bbf4538ff57634dd8ed30243,ESPAGNE,Men
Nike Air Max 1 Patta maat 42.5 custom nieuw,250.0,NIKE,"BLANC, VIOLET","42,5",https://www.vinted.fr/items/3890750954-nike-air-max-1-patta-maat-425-custom-nieuw?referrer=catalog,https://images1.vinted.net/t/02_01329_ZfJYYQKUx562exDUQ37MNCGA/310x430/1702822502.jpeg?s=5351d22b1ceb860565194ff40793dbd6a8b34451,PAYS-BAS,Men
Nike sb. Purple lobster/maat 40 EU,380.0,NIKE,VIOLET,40,https://www.vinted.fr/items/3903660610-nike-sb-purple-lobstermaat-40-eu?referrer=catalog,https://images1.vinted.net/t/01_01a75_81xEacpMtvfa5wpgwfUuZums/310x430/1703282720.jpeg?s=ca4560d0445f49097c85c7c4cd246d974ecbf659,"HEERDE, PAYS-BAS",Men
Nike dunk high,58.0,NIKE,"NOIR, BLANC",39,https://www.vinted.fr/items/3837774761-nike-dunk-high?referrer=catalog,https://images1.vinted.net/t/02_00539_njcNu1kd9DiWPHY71EueMdUA/310x430/1701550385.jpeg?s=1e14e9f0cc7f9cda2d8eaaa3bf68ec7b850db6be,"OMMEN, PAYS-BAS",Men
"Nike Presto 42,5",25.0,NIKE,"NOIR, BLANC","42,5",https://www.vinted.fr/items/3768244879-nike-presto-425?referrer=catalog,https://images1.vinted.net/t/01_01725_ae8uYkaz9wAvF5T7mXs7tSeo/310x430/1700149836.jpeg?s=1b9a2bd32ac26c999bcd98743b9191b0243573ee,"ALMERE, PAYS-BAS",Men
Nike Air Footscape Mag,39.0,NIKE,GRIS,43,https://www.vinted.fr/items/3675295823-nike-air-footscape-mag?referrer=catalog,https://images1.vinted.net/t/01_00341_AsQBi1w9eoF65Tbp7qTXCway/310x430/1698487971.jpeg?s=9aea9ab6b2ee38e84ff4ed3635e2170168020116,"GALATINA, ITALIE",Men
Vapor13 Academy MDS AG,65.0,NIKE,"NOIR, BLANC","44,5",https://www.vinted.fr/items/3743906130-vapor13-academy-mds-ag?referrer=catalog,https://images1.vinted.net/t/03_022e9_dHDjxY1tw8waVnk8Q2HYHb2T/310x430/1699715946.jpeg?s=d19d01dc8261d0f699c903f7b43a4aa5bea4ed25,"AMSTERDAM, PAYS-BAS",Men
Nike tn air max +,62.0,NIKE,"ORANGE, ROUGE",44,https://www.vinted.fr/items/3865333909-nike-tn-air-max?referrer=catalog,https://images1.vinted.net/t/03_01efe_etm6QPwLFMo9T6r6pm737UnZ/310x430/1702199306.jpeg?s=e1b6e8145da838fa61ba612979bcaaa1ca14cc55,PAYS-BAS,Men
Nike air force 1 pro-tech ,100.0,NIKE,"CR√àME, ARGENT√â","45,5",https://www.vinted.fr/items/3910705196-nike-air-force-1-pro-tech?referrer=catalog,https://images1.vinted.net/t/02_001d7_8CyJAavGUvwHsRdj6jht73Nm/310x430/1703670550.jpeg?s=f2dac7829cee2a8e4759dae854b145f718dfeaf2,PAYS-BAS,Men
Nike Air Max 90,70.0,NIKE,BLANC,44,https://www.vinted.fr/items/3915357094-nike-air-max-90?referrer=catalog,https://images1.vinted.net/t/01_0028b_4wd8PmnDY2iLWH3XMJ3Tu59Q/310x430/1703776484.jpeg?s=aa69253b445b11403922c9156831c8196343a3b1,"ANTWERPEN, BELGIQUE",Men
Nike Theioth,65.0,NIKE,"BEIGE, ORANGE","42,5",https://www.vinted.fr/items/2665914876-nike-theioth?referrer=catalog,https://images1.vinted.net/t/03_019dd_gQQ9dpr12CSYSBrH3bQrJxhS/310x430/1675696935.jpeg?s=951a9a99d00b377923a5717f65217581840f9900,BELGIQUE,Men
Nike M2K Tekno,35.0,NIKE,"NOIR, BLANC","45,5",https://www.vinted.fr/items/511913945-nike-m2k-tekno?referrer=catalog,https://images1.vinted.net/t/01_0226d_tvTkymetUCxKtNyUSepVZqXd/310x430/1600833567.jpeg?s=3d94b2ba21053b844030b0b8257a445f3638b23c,"SCHAIJK, PAYS-BAS",Men
Nike air Max 1 Martian sunrise ,175.0,NIKE,"BLANC, ROUGE",43,https://www.vinted.fr/items/3805518987-nike-air-max-1-martian-sunrise?referrer=catalog,https://images1.vinted.net/t/03_002b3_jqEyDbUu42xoTepAvyFL6u2p/310x430/1700904613.jpeg?s=fae91a026dffbb468d8f583e98474fb7cb274b7b,"HAARLEM, PAYS-BAS",Men
Nike Phantom GT2 Elite Dynamic,85.0,NIKE,MULTICOLORE,47,https://www.vinted.fr/items/3892587823-nike-phantom-gt2-elite-dynamic?referrer=catalog,https://images1.vinted.net/t/01_01b16_fmdjxTWSbnt3BmhYiZRyuHmf/310x430/1702851823.jpeg?s=d26846643ed5e138492123550bf6b713c03b0c4d,"GRONINGEN, PAYS-BAS",Men
Voetbalschoenen Nike,10.0,NIKE,"NOIR, ROUGE",38,https://www.vinted.fr/items/2550835554-voetbalschoenen-nike?referrer=catalog,https://images1.vinted.net/t/02_000aa_8PAtwGgn2WTw1Fg2BxHP6Szf/310x430/1672667712.jpeg?s=c66e796335e175c627d331a2306b00548e0ae47d,PAYS-BAS,Men
Nike phantom maat 39 met kleine noppen.,25.0,NIKE,NOIR,39,https://www.vinted.fr/items/3386362369-nike-phantom-maat-39-met-kleine-noppen?referrer=catalog,https://images1.vinted.net/t/01_00b25_bie4a7T2gFDNbVj95UWezFw8/310x430/1692898806.jpeg?s=feaee848021ab0e0b6ba407eb321c56f6f247e81,"LINT, BELGIQUE",Men
Nike dunk high Picante red,40.0,NIKE,"GRIS, ROUGE",40,https://www.vinted.fr/items/3903405569-nike-dunk-high-picante-red?referrer=catalog,https://images1.vinted.net/t/01_00e23_bpsyJTYgbrbTX7nMJyzMS7kb/310x430/1703271892.jpeg?s=7f9d7fc0b5e30b754dfaebb740ec7b0eb8e26cd1,BELGIQUE,Men
Nike vapormax,45.0,NIKE,"ROUGE, MULTICOLORE",43,https://www.vinted.fr/items/3636365260-nike-vapormax?referrer=catalog,https://images1.vinted.net/t/03_00232_5vTHLZRvDBb6By2c3ZRsJUps/310x430/1697803881.jpeg?s=430172d9f22d9572ebc6dd2dc113391799295096,"SLEEUWIJK, PAYS-BAS",Men
Zapatillas Nike Court Legacy cvc,50.0,NIKE,BLANC,44,https://www.vinted.fr/items/3667684077-zapatillas-nike-court-legacy-cvc?referrer=catalog,https://images1.vinted.net/t/03_02143_xs4EuQnGXeQXzPUAT22bYx6s/310x430/1698324533.jpeg?s=e060ca82993602b36310d912e956bd703e67569b,ESPAGNE,Men
Nike React Live ~ sneakers ,45.0,NIKE,"NOIR, BLANC",40,https://www.vinted.fr/items/3668167021-nike-react-live-sneakers?referrer=catalog,https://images1.vinted.net/t/02_00ef0_7J8UGS9ZNPUVWCxjAfQoN71m/310x430/1698329510.jpeg?s=92a1cee8886d7918b43f4a69a82e307b9d978878,"SCHERPENHEUVEL, BELGIQUE",Men
Nike dunk zwart,80.0,NIKE,"NOIR, BLANC",43,https://www.vinted.fr/items/3851868300-nike-dunk-zwart?referrer=catalog,https://images1.vinted.net/t/02_01196_VHryZ4HQvLj1GrTGTBxjDe93/310x430/1701868807.jpeg?s=f2d9daac0a2ceec5eecc94b10a4ae28c86e62e5f,"BORNE, PAYS-BAS",Men
Nike sock dart sneakers,35.0,NIKE,"NOIR, KAKI",40,https://www.vinted.fr/items/3490890354-nike-sock-dart-sneakers?referrer=catalog,https://images1.vinted.net/t/02_000e5_WGLNe27LuHw8Vb6QqJtMsLwt/310x430/1695056341.jpeg?s=e63b9b063d790c5e5befaa8455bf1d73cfd059a9,"HAARLEM, PAYS-BAS",Men
Nike airmax alpha,55.0,NIKE,"NOIR, GRIS","42,5",https://www.vinted.fr/items/3821405896-nike-airmax-alpha?referrer=catalog,https://images1.vinted.net/t/03_00894_A6QxZDqGA7AQFq9qH9h7UXFB/310x430/1701184245.jpeg?s=86c2fa63cb3eba5359de1f6de335ad39457a7380,"AMSTERDAM, PAYS-BAS",Men
Nike air jordan 1 mid bred ,75.0,NIKE,"NOIR, ROUGE","45,5",https://www.vinted.fr/items/3795192289-nike-air-jordan-1-mid-bred?referrer=catalog,https://images1.vinted.net/t/01_01f70_reVioHprCPcMrS5HrdhZEmPu/310x430/1700663207.jpeg?s=b050b27b6bee53f4d4e358d869b7ea10e0c163d5,"GROOTEBROEK, PAYS-BAS",Men
Vapormax nike,30.0,NIKE,NOIR,42,https://www.vinted.fr/items/3765508251-vapormax-nike?referrer=catalog,https://images1.vinted.net/t/03_00e91_iBqwr447kGTLHpbiKp1NGqpv/310x430/1700510706.jpeg?s=0c77f2715df361a66d8f76681bfff6a7c649490e,BELGIQUE,Men
Nike sneakers,30.0,NIKE,"GRIS, CORAIL",43,https://www.vinted.fr/items/3662243343-nike-sneakers,https://images1.vinted.net/t/01_00c42_ne9A1RcQfbkBotvFf47tFnvK/310x430/1698229289.jpeg?s=b03bad07da8d82f7b6b3bec2bc1de6327a665051,"VENLO, PAYS-BAS",Men
Nike Dunk Low Georgetown,90.0,NIKE,"GRIS, MARINE",44,https://www.vinted.fr/items/3819342792-nike-dunk-low-georgetown?referrer=catalog,https://images1.vinted.net/t/02_025c2_mVqhYk5tGbzQMgjVBjeBmrdD/310x430/1701133423.jpeg?s=d32fd2eb80c3dba06be50f0956965d36157a1b5a,PAYS-BAS,Men
Nike Blazers,20.0,NIKE,"NOIR, GRIS",38,https://www.vinted.fr/items/3229510371-nike-blazers?referrer=catalog,https://images1.vinted.net/t/03_002b8_KC6dgG74epWNrA5XTKQpgVJQ/310x430/1689073978.jpeg?s=385219fe6c79bdb3b6f760ff859b0e71839d5a77,"LOSSER, PAYS-BAS",Men
Nike air force 1 goud ,45.0,NIKE,"BEIGE, DOR√â","38,5",https://www.vinted.fr/items/3709427655-nike-air-force-1-goud?referrer=catalog,https://images1.vinted.net/t/03_014ee_JQwE9pW8A4HMFqLobHvwhx8z/310x430/1699101820.jpeg?s=d9474f907c62ee8171675c2097ccab37f9f914ca,"BEVEREN-WAAS, BELGIQUE",Men
Nike sneakers,29.0,NIKE,NOIR,41,https://www.vinted.fr/items/2655639705-nike-sneakers?referrer=catalog,https://images1.vinted.net/t/02_01701_yAhnyEnHhADE4CXQibLQTLCb/310x430/1675456934.jpeg?s=4e8d083d5ce49044a687b1d046927266156644f0,PAYS-BAS,Men
Nike tekno unisex,30.0,NIKE,BLANC,"40,5",https://www.vinted.fr/items/3346260185-nike-tekno-unisex?referrer=catalog,https://images1.vinted.net/t/01_00211_XhNDMLsbzRci9hu22KLGQJGY/310x430/1691936673.jpeg?s=098e8b14aa8242adbf798c0a656054a1ba4b4b4e,PAYS-BAS,Men
Sneakers,10.0,NIKE,NOIR,"44,5",https://www.vinted.fr/items/384043935-sneakers?referrer=catalog,https://images1.vinted.net/t/01_01cb9_2YYK8F7VYk8ky3MLs1aaC7jf/310x430/1603086984.jpeg?s=c75ed75aac20dcca3b4343cedc94a494ab5a96d7,PAYS-BAS,Men
Nike dunk low panda ,115.0,NIKE,"NOIR, BLANC","47,5",https://www.vinted.fr/items/3908002658-nike-dunk-low-panda?referrer=catalog,https://images1.vinted.net/t/03_00c7b_yKv95muycTN5VasLra1dWhvB/310x430/1703578383.jpeg?s=f1efea8392cb8e060ba6ab7349a5a5722376bdda,"AMSTERDAM, PAYS-BAS",Men
Nike Panda dunks white/black,55.0,NIKE,"NOIR, BLANC",42,https://www.vinted.fr/items/3891317428-nike-panda-dunks-whiteblack?referrer=catalog,https://images1.vinted.net/t/01_024ec_T6JWjgtpiwiQEzqGgnfST7nC/310x430/1702829822.jpeg?s=503132556e5a4b7652cc9e466beb3bc06edbedc7,"BRAKEL, BELGIQUE",Men
Signed shoe Romelu Lukaku!,50.0,NIKE,MULTICOLORE,Autre,https://www.vinted.fr/items/3297707494-signed-shoe-romelu-lukaku?referrer=catalog,https://images1.vinted.net/t/01_00a28_6WW91TcaKZ44KVTuMB4wsMEj/310x430/1690810247.jpeg?s=5afbcb7d71b1a63496ce8358662330ecea550e87,"SCHULEN, BELGIQUE",Men
"Uitverkoop! In prijs verlaagd: Zeer mooie Nike Air Tech Challenge Hybrid Andre Agassi 44,5",75.0,NIKE,ROUGE,"44,5",https://www.vinted.fr/items/3515649719-uitverkoop-in-prijs-verlaagd-zeer-mooie-nike-air-tech-challenge-hybrid-andre-agassi-445?referrer=catalog,https://images1.vinted.net/t/03_004fd_QwVpBcqUaQtWuCChQSDekfxg/310x430/1695555338.jpeg?s=c5ab91845ad27c38fd62290a8973abbe119f4484,"HOENSBROEK, PAYS-BAS",Men
Nike schoenen (39),17.5,NIKE,"NOIR, GRIS",39,https://www.vinted.fr/items/2880944604-nike-schoenen-39?referrer=catalog,https://images1.vinted.net/t/03_00193_FDBjKCNwraKPUVETssDUBZ31/310x430/1680981730.jpeg?s=2019ec7101d5788943d45b4daac9d6fee86b1ed2,"VEENENDAAL, PAYS-BAS",Men
 Nike Air Max 90 Terrascape moon fossil/light menta/court purple/lemon wash/anthracite,79.0,NIKE,"GRIS, MENTHE","44,5",https://www.vinted.fr/items/3835647258-nike-air-max-90-terrascape-moon-fossillight-mentacourt-purplelemon-washanthracite?referrer=catalog,https://images1.vinted.net/t/03_00373_kdju1mbZNUHubpXRSBALCVj3/310x430/1701521155.jpeg?s=81910c22acba64b70be2ddd69b2bed73dcb22b41,"HOENSBROEK, PAYS-BAS",Men
Nike react vision ,80.0,NIKE,"NOIR, GRIS","42,5",https://www.vinted.fr/items/3792343023-nike-react-vision?referrer=catalog,https://images1.vinted.net/t/03_014fb_xN9mMgrzzssARWGoVKrvXyZ6/310x430/1700594565.jpeg?s=1dd80e3a87c59b0e7c82a23395402d3dfab3aaf0,"OUDEWATER, PAYS-BAS",Men
Nike Blazers,75.0,NIKE,"BEIGE, KAKI","42,5",https://www.vinted.fr/items/3901496763-nike-blazers?referrer=catalog,https://images1.vinted.net/t/03_01d97_7R7Qbs1MW83Dqybe7pGFC6rJ/310x430/1703180861.jpeg?s=2048b04bfd3c639b7b20fc65931bc64e4f4204ad,PAYS-BAS,Men
Nike Dunk Low Nieuw,90.0,NIKE,BLANC,42,https://www.vinted.fr/items/3826535679-nike-dunk-low-nieuw?referrer=catalog,https://images1.vinted.net/t/01_00ca7_WYkBVH1Pwnnh1DQQe3wp1Aqn/310x430/1701285319.jpeg?s=bc6c7783ca1a1b9936bc1db02a4596e0e8dddedf,"GENK, BELGIQUE",Men
Nike Air Max 1 '86 Play to Live,180.0,NIKE,"GRIS, BLEU","45,5",https://www.vinted.fr/items/3841179526-nike-air-max-1-86-play-to-live?referrer=catalog,https://images1.vinted.net/t/03_0125e_vDuyMYYjhPjef7VxEXDK44Cr/310x430/1701619797.jpeg?s=6b8e4eb145030af3ec5f550f255be7301e34d9a2,"BELTRUM, PAYS-BAS",Men
Nike air Max 97.   Talla 38.  24 cm originales a estrenar,89.0,NIKE,"NOIR, ROUGE",38,https://www.vinted.fr/items/3909085801-nike-air-max-97-talla-38-24-cm-originales-a-estrenar?referrer=catalog,https://images1.vinted.net/t/01_004e0_hfhA8vSwmLEFF7dtf6F322vv/310x430/1703601881.jpeg?s=962db07272c9c774b7500fbe6e8a2fb7edcc4dad,ESPAGNE,Men
"Nike Blazer Mid '77 Infinite ""Black & White""",,"27,50¬†‚Ç¨","NOIR, BLANC",Nike,https://www.vinted.fr/items/3763070846-nike-blazer-mid-77-infinite-black-white-maat-41?referrer=catalog,https://images1.vinted.net/t/01_01b4d_Y5L738ApNFTjJLFUxLJ8vToX/310x430/1700052720.jpeg?s=791ec607ba8f8c2b62ad986f365f92615a6002d1,"UTRECHT, PAYS-BAS",Men
"Nike Air Force EU 48,5 US 14 ",60.0,NIKE,MARRON,"48,5",https://www.vinted.fr/items/3844237677-nike-air-force-eu-485-us-14?referrer=catalog,https://images1.vinted.net/t/03_00090_5o7FhZamPfvpP2psJ28xRZhs/310x430/1701692301.jpeg?s=b40745779580e3be0203ce608d542d41fba02872,"AALSMEER, PAYS-BAS",Men
Nike airmax 41,40.0,NIKE,NOIR,41,https://www.vinted.fr/items/3818602075-nike-airmax-41?referrer=catalog,https://images1.vinted.net/t/03_020e6_ETDb35wjArZxwFxPQ2RvLtJQ/310x430/1701114812.jpeg?s=1683f4a00aff7566792b0b18db37da492a212d27,"AMSTERDAM, PAYS-BAS",Men
Nike cortez mint groen,50.0,NIKE,MENTHE,"48,5",https://www.vinted.fr/items/3305587614-nike-cortez-mint-groen?referrer=catalog,https://images1.vinted.net/t/01_00c0b_ZRvh2mSf3fYwP1ZPJpMMWSXF/310x430/1690983706.jpeg?s=c21df19fd34aba8376d6dc5660bd0f3c747f1fd5,"AALSMEER, PAYS-BAS",Men
Nike Blazer Mid ‚Äò77,70.0,NIKE,BLANC,42,https://www.vinted.fr/items/3826545849-nike-blazer-mid-77?referrer=catalog,https://images1.vinted.net/t/03_009fa_JpJ7TTLQwordo5fAfgMomhJ7/310x430/1701285461.jpeg?s=c9166e656795f0b140e605595d9df02f62c881e6,"GENK, BELGIQUE",Men
Nike Cortez,65.0,NIKE,VERT,"48,5",https://www.vinted.fr/items/3464693822-nike-cortez?referrer=catalog,https://images1.vinted.net/t/03_01f21_y7LUPgtJWno47WTy56BqMqh5/310x430/1694531073.jpeg?s=ae4505763cf72daed72b762ad22bda63e87bff4a,"AALSMEER, PAYS-BAS",Men
Sneakers Nike mt44,14.0,NIKE,BLEU,44,https://www.vinted.fr/items/1537236810-sneakers-nike-mt44?referrer=catalog,https://images1.vinted.net/t/03_01419_Beu4JSo1PUWKJPmTyiLdmPxn/310x430/1641144959.jpeg?s=8a06aaa0ca69632f804692731232e26ae3958f9a,"BERCHEM, BELGIQUE",Men
Nike dunk low panda ,115.0,NIKE,"NOIR, BLANC","47,5",https://www.vinted.fr/items/3908002658-nike-dunk-low-panda,https://images1.vinted.net/t/03_00c7b_yKv95muycTN5VasLra1dWhvB/310x430/1703578383.jpeg?s=f1efea8392cb8e060ba6ab7349a5a5722376bdda,"AMSTERDAM, PAYS-BAS",Men
Nike sneakers,50.0,NIKE,"NOIR, GRIS",41,https://www.vinted.fr/items/3662968235-nike-sneakers?referrer=catalog,https://images1.vinted.net/t/03_00c64_Z5zQHBemPKj6wqVY8c6CEKfN/310x430/1698237149.jpeg?s=dd23ae725c1e45fdb3cdce6d47e0f3c9c5469a3f,"VENLO, PAYS-BAS",Men
Nike Air Force 1 custom zwart groen wit,65.0,NIKE,"BLANC, VERT FONC√â",46,https://www.vinted.fr/items/3828434721-nike-air-force-1-custom-zwart-groen-wit?referrer=catalog,https://images1.vinted.net/t/01_021dd_Cjjzp5D2nVDAfGUy653Eg9rh/310x430/1701345788.jpeg?s=ea6ae6a1e9f12de7cf9ae5d3b17ba185500ad43a,"SCHOONHOVEN, PAYS-BAS",Men
Stefan janoski nike,10.0,NIKE,"NOIR, BLANC",38,https://www.vinted.fr/items/749832260-stefan-janoski-nike?referrer=catalog,https://images1.vinted.net/t/02_018ab_y5byrCdFCmWJxZCLFL8G6NqH/310x430/1605870806.jpeg?s=6023f12773339b03de17e341039d60aac1194ee3,BELGIQUE,Men
Nike air max 97 talla 44. Originales a estrenar ,88.0,NIKE,GRIS,44,https://www.vinted.fr/items/3704487850-nike-air-max-97-talla-44-originales-a-estrenar?referrer=catalog,https://images1.vinted.net/t/02_018eb_d6CmwzWrt9Tcsd358ZMaHUgW/310x430/1699012297.jpeg?s=ab6768e13ed3b98f39cd2cba9a170b124ff423fd,ESPAGNE,Men
Nike dunk sb ,100.0,NIKE,"NOIR, VERT",46,https://www.vinted.fr/items/3825942039-nike-dunk-sb?referrer=catalog,https://images1.vinted.net/t/01_01d53_AGEmksKpThKHqAz7Hqr5L3vm/310x430/1701277050.jpeg?s=f794470e2e6ebd1ad6bb6ff74eb5e94d22141175,BELGIQUE,Men
Nike adapt BB 2.0 mag ,500.0,NIKE,"BLANC, TURQUOISE",42,https://www.vinted.fr/items/3905835169-nike-adapt-bb-20-mag?referrer=catalog,https://images1.vinted.net/t/01_0013b_8yze2qyfCFm3he8Yxrq6gpBB/310x430/1703419934.jpeg?s=0d187ed507ce461e20d722477437fd8a967e2f96,"ZEMST, BELGIQUE",Men
Nike airmax 90,65.0,NIKE,BLANC,"45,5",https://www.vinted.fr/items/3812221774-nike-airmax-90?referrer=catalog,https://images1.vinted.net/t/01_015c4_pMNzt2nmkpS21JymC6JF2BWv/310x430/1701010262.jpeg?s=071b6b9cdd6a160029cc20ea58ae147a68f6ed82,"HARKSTEDE, PAYS-BAS",Men
Rode Nike schoenen,25.0,NIKE,ROUGE,41,https://www.vinted.fr/items/1964132567-rode-nike-schoenen?referrer=catalog,https://images1.vinted.net/t/03_013e4_o76u5jtc1nLQXoJFJiLHcoi4/310x430/1655229125.jpeg?s=a1261b9cf77bb1f4cc249bf0d475f8b045b71614,"DEN HELDER, PAYS-BAS",Men
"Nike Jordan air ship Every game Blue size 42,5",125.0,NIKE,"BLANC, BLEU","42,5",https://www.vinted.fr/items/3753785442-nike-jordan-air-ship-every-game-blue-size-425?referrer=catalog,https://images1.vinted.net/t/03_01c88_3VxzReAx3je321K5zwibmHEq/310x430/1699874964.jpeg?s=91e30cfcefbbd21efd5d2cd651d43f26636f699c,"HUIZEN, PAYS-BAS",Men
Nieuwe Nike schoenen ,30.0,NIKE,"NOIR, BLANC",40,https://www.vinted.fr/items/2711566893-nieuwe-nike-schoenen?referrer=catalog,https://images1.vinted.net/t/02_00e20_JwCSjTvv2RbKEz1efQYZhrdm/310x430/1676912263.jpeg?s=583eccacdf6f6e40cad008702e8bd32b38d0fcbe,"ZIJDERVELD, PAYS-BAS",Men
Nike Air Max 1 Psychic Pink Deadstock EU44,400.0,NIKE,ROSE,44,https://www.vinted.fr/items/3836206670-nike-air-max-1-psychic-pink-deadstock-eu44?referrer=catalog,https://images1.vinted.net/t/03_0168f_6F5sWbZrE4EkfmcBaAG4EXcb/310x430/1701527326.jpeg?s=0c1f8fae91039c6739e33485ac2f3c34260c4a73,"MAASTRICHT, PAYS-BAS",Men
Zwarte Nike schoenen,50.0,NIKE,NOIR,40,https://www.vinted.fr/items/3343763831-zwarte-nike-schoenen?referrer=catalog,https://images1.vinted.net/t/02_01758_ceC8vuamoP3iWrzbNhfh7Vib/310x430/1691866463.jpeg?s=6395f669e5750921e70d0e8c12f3567fa493a9bf,PAYS-BAS,Men
Nike Air vaipermax 2019,35.0,NIKE,"GRIS, BLEU","45,5",https://www.vinted.fr/items/3893917451-nike-air-vaipermax-2019?referrer=catalog,https://images1.vinted.net/t/02_00f31_nQ3aCPQ2DvF3BWbcSWq7xoVx/310x430/1702909333.jpeg?s=5ebb82bc8226b290a2a3eaad49e72fda98e3e5ba,"SCHIEDAM, PAYS-BAS",Men
Nike Air Tech Challenge 2 kumquat,80.0,NIKE,"ORANGE, MULTICOLORE",40,https://www.vinted.fr/items/2017209197-nike-air-tech-challenge-2-kumquat?referrer=catalog,https://images1.vinted.net/t/02_01a93_exAJRqVUBb6hgFgVunWzLxcf/310x430/1680934887.jpeg?s=adb708a3c9f63aa54e22b2546d30985c2e698639,"ANTWERP, BELGIQUE",Men
Voetbalschoenen Nike en puma maag 43 en 45,20.0,NIKE,JAUNE,43,https://www.vinted.fr/items/1306177812-voetbalschoenen-nike-en-puma-maag-43-en-45?referrer=catalog,https://images1.vinted.net/t/03_00b09_twmFXQpwUjLX8pJA4Gu9xNht/310x430/1631388205.jpeg?s=2db111e12218b56702813e64c64d2da228e1b4e5,BELGIQUE,Men
Nike Tiempo Legend,30.0,NIKE,"NOIR, BLANC",43,https://www.vinted.fr/items/2466158925-nike-tiempo-legend?referrer=catalog,https://images1.vinted.net/t/03_01a99_wdF3KUzE9KYbtYfWvD8A6Hi7/310x430/1669671312.jpeg?s=0d037a89ca689799471daef68ce209a85b5b1207,"DRUNEN, PAYS-BAS",Men
Nike Tiempo Legend,30.0,NIKE,"NOIR, BLANC",43,https://www.vinted.fr/items/2466158925-nike-tiempo-legend?referrer=catalog,https://images1.vinted.net/t/03_01a99_wdF3KUzE9KYbtYfWvD8A6Hi7/310x430/1669671312.jpeg?s=0d037a89ca689799471daef68ce209a85b5b1207,"DRUNEN, PAYS-BAS",Men
Bordeaux rode dunks low met gouden details ,110.0,NIKE,"ROUGE, DOR√â",38,https://www.vinted.fr/items/3071473683-bordeaux-rode-dunks-low-met-gouden-details?referrer=catalog,https://images1.vinted.net/t/02_00d2c_n6bstR6LcAwK9DtHPseEmvRF/310x430/1702387888.jpeg?s=d6670ce85a53c52cf0d1cd35625f7d196c4a2391,"UTRECHT, PAYS-BAS",Men
Nike dunk low retro,90.0,NIKE,"VERT, KAKI",45,https://www.vinted.fr/items/3914582321-nike-dunk-low-retro?referrer=catalog,https://images1.vinted.net/t/01_00a13_6UtAECStdCoPSTEZ5Me5yKnL/310x430/1703800901.jpeg?s=a0b9b33933db5d44fd9f2e835f9cc2d27b3b658a,"HEERHUGOWAARD, PAYS-BAS",Men
Jordan 4 Retro ,179.99,NIKE,"NOIR, GRIS",41,https://www.vinted.fr/items/3894158652-jordan-4-retro?referrer=catalog,https://images1.vinted.net/t/02_00ed5_6FZhYFf8bmRnT6ZpFYFVcQm3/310x430/1702913735.jpeg?s=d5fd549efb4d4308423ea3a9da3027822258feb2,"EINDHOVEN, PAYS-BAS",Men
Witte nike airmax schoenen,15.0,NIKE,BLANC,"38,5",https://www.vinted.fr/items/3163986439-witte-nike-airmax-schoenen?referrer=catalog,https://images1.vinted.net/t/02_010b4_G8QYg5UoDdEHGNexsN8Ndbvg/310x430/1687428938.jpeg?s=4e326a403d5b014954da93a2950c3b624d4cbf18,"HILLEGOM, PAYS-BAS",Men
"Nike Air Force  EU 48,5 US 14 ",60.0,NIKE,"VERT, KAKI","48,5",https://www.vinted.fr/items/3844277705-nike-air-force-eu-485-us-14?referrer=catalog,https://images1.vinted.net/t/01_00d1d_cvc4CLHVFUTyNTnnH413Yhb3/310x430/1701692838.jpeg?s=69f14c534f5c1fddba60c3690c48cdcf99428cb3,"AALSMEER, PAYS-BAS",Men
"Zeldzame Nike Air 180 midnight navy safari 44,5",75.0,NIKE,BLEU,"44,5",https://www.vinted.fr/items/3612036508-zeldzame-nike-air-180-midnight-navy-safari-445?referrer=catalog,https://images1.vinted.net/t/02_02073_cwpnMqrQNhDpMzWc4M6zGcGG/310x430/1697373482.jpeg?s=766f945ba80aa45995d255cfe0fe6ed62994ee05,"HOENSBROEK, PAYS-BAS",Men
Nike air force one 42 nieuw,95.0,NIKE,NOIR,42,https://www.vinted.fr/items/3654012393-nike-air-force-one-42-nieuw?referrer=catalog,https://images1.vinted.net/t/02_008fe_cHUmtxaQScxXM8ivxrRvoFso/310x430/1698072017.jpeg?s=957b36e21a97550d626f461f81f194d496f860fc,"AMSTERDAM, PAYS-BAS",Men
Botas de f√∫tbol nike phantom gt2 academia tala 38.5.  24cm,50.0,NIKE,"NOIR, DOR√â",38,https://www.vinted.fr/items/2553331424-botas-de-futbol-nike-phantom-gt2-academia-tala-385-24cm,https://images1.vinted.net/t/02_00e1a_68RJYx69B56NUnXmTL73QMx6/310x430/1672742572.jpeg?s=ffa03821348bb95b886eee088eed06fb57d3838c,ESPAGNE,Men
Nike voetbalschoenen maat 42/43 ,21.99,NIKE,"NOIR, DOR√â","42,5",https://www.vinted.fr/items/282061518-nike-voetbalschoenen-maat-4243?referrer=catalog,https://images1.vinted.net/t/01_0256a_ger3rUwqRXxWe4cJfHirj3wP/310x430/1602137415.jpeg?s=b94390f74c7fc23c2bc58b43078a0e46999ca75e,"'S-HERTOGENBOSCH, PAYS-BAS",Men
Nike air max 95,35.0,NIKE,NOIR,40,https://www.vinted.fr/items/318119388-nike-air-max-95?referrer=catalog,https://images1.vinted.net/t/01_00861_xL6tBHmJBj8bumsMRDVCFNm1/310x430/1601786498.jpeg?s=e56d301f5327d06baec9946bfb6b21ccf7eb7571,"HERWIJNEN, PAYS-BAS",Men
Nike M2K Tekno,35.0,NIKE,"NOIR, BLANC","45,5",https://www.vinted.fr/items/511913945-nike-m2k-tekno?referrer=catalog,https://images1.vinted.net/t/01_0226d_tvTkymetUCxKtNyUSepVZqXd/310x430/1600833567.jpeg?s=3d94b2ba21053b844030b0b8257a445f3638b23c,"SCHAIJK, PAYS-BAS",Men
nike mercurial superfly 9 elite fg voetbalschoenen ,140.0,NIKE,NOIR,44,https://www.vinted.fr/items/3712045267-nike-mercurial-superfly-9-elite-fg-voetbalschoenen?referrer=catalog,https://images1.vinted.net/t/01_00452_ug5tDV3WYJj5K9ik7gFVvk5i/310x430/1699124119.jpeg?s=67363a47a172c9e6df313ef68d47b37ec0555bf0,"SINT-ANDRIES, BELGIQUE",Men
Nike SB Dunk Low adobe 40.5,95.0,NIKE,ROSE,"40,5",https://www.vinted.fr/items/3493793013-nike-sb-dunk-low-adobe-405?referrer=catalog,https://images1.vinted.net/t/03_0223a_7zAVux5WASMYRev72n41gnNv/310x430/1695126314.jpeg?s=13d4a36846e385e599335eb8929414eba8a453ea,"AMSTERDAM, PAYS-BAS",Men
Nike air force one,85.0,NIKE,BLANC,39,https://www.vinted.fr/items/3719638936-nike-air-force-one?referrer=catalog,https://images1.vinted.net/t/03_01e03_qDTwJ7TYp9NAvjyygkuJ36iY/310x430/1699221368.jpeg?s=e6adf1770ad8b028fe18d9cc696b7e6b83139bea,BELGIQUE,Men
Zapatillas Nike Court Legacy cvc,50.0,NIKE,BLANC,44,https://www.vinted.fr/items/3667684077-zapatillas-nike-court-legacy-cvc?referrer=catalog,https://images1.vinted.net/t/03_02143_xs4EuQnGXeQXzPUAT22bYx6s/310x430/1698324533.jpeg?s=e060ca82993602b36310d912e956bd703e67569b,ESPAGNE,Men
Nike schoenen,20.0,NIKE,"MARRON, GRIS",44,https://www.vinted.fr/items/2083451579-nike-schoenen?referrer=catalog,https://images1.vinted.net/t/02_001f9_u7Zo4MjJJLkF8sWSzrn8BxXK/310x430/1659700256.jpeg?s=b11670b261181c60c5dad224e3257e668cd72bd6,"'S-GRAVENZANDE, PAYS-BAS",Men
Nike Air Max 90 SE ‚ÄúFirst Use‚Äù ,250.0,NIKE,"BLANC, BLEU","44,5",https://www.vinted.fr/items/3788724327-nike-air-max-90-se-first-use?referrer=catalog,https://images1.vinted.net/t/02_019dd_kVRDcVXw4janc2jz4s6eDW7i/310x430/1700515686.jpeg?s=728011b5974f54f49be642ab0e8b42cac2c3e05e,PAYS-BAS,Men
"Nike Air Force EU 48,5 US 14",60.0,NIKE,"BLANC, ROSE","48,5",https://www.vinted.fr/items/3844243014-nike-air-force-eu-485-us-14?referrer=catalog,https://images1.vinted.net/t/02_009f9_3DkYtha6ad7nrXCeBR316Zzo/310x430/1701692374.jpeg?s=3d480ec8de80391f25ccc5939a99111f2710e450,"AALSMEER, PAYS-BAS",Men
Nike sneakers ,150.0,NIKE,"BLANC, BEIGE",38,https://www.vinted.fr/items/3742134644-nike-sneakers?referrer=catalog,https://images1.vinted.net/t/03_021e6_VTDXyY3USNTD66Ux7CFzZRhm/310x430/1699701176.jpeg?s=04b0320c11e70f29ecb9f828464b2e7d0ca25f55,PAYS-BAS,Men
Nike revolution 6 NN maat 41 hardloopschoenen,60.0,NIKE,GRIS,41,https://www.vinted.fr/items/3822722460-nike-revolution-6-nn-maat-41-hardloopschoenen?referrer=catalog,https://images1.vinted.net/t/01_02407_CDCHSDPfPRG8p3p6L7FyJZi7/310x430/1701201926.jpeg?s=9795f7fb08889362806633ddf30782081b018b1c,BELGIQUE,Men
Nike schoenen,40.0,NIKE,"GRIS, BEIGE","42,5",https://www.vinted.fr/items/2840441176-nike-schoenen?referrer=catalog,https://images1.vinted.net/t/01_02346_kQgdmUR9FKNhvecv14obsQ4g/310x430/1680006313.jpeg?s=5805d97db63208b5a6fc31fb095b0ccb16a742de,"ANTWERP, BELGIQUE",Men
sneakers nike,20.0,NIKE,"ROUGE, BLANC",40,https://www.vinted.fr/items/2639600780-sneakers-nike?referrer=catalog,https://images1.vinted.net/t/03_01757_bi3GsGWWavrQVsnf9QkdhjP6/310x430/1675018698.jpeg?s=33279bc89ebc8069a266c4dc3ba43e7c4393576f,"ZOUTLEEUW, BELGIQUE",Men
"Nike Air Force EU 48,5 US 14 ",60.0,NIKE,"BLANC, ROUGE","48,5",https://www.vinted.fr/items/3844259398-nike-air-force-eu-485-us-14?referrer=catalog,https://images1.vinted.net/t/03_01b5d_zuTh2tMMyXUx4Vbj1b8ecAo9/310x430/1701692594.jpeg?s=eb66d671c4dffa3c7919642882a819b5ae2a69cd,"AALSMEER, PAYS-BAS",Men
Heren nike schoenen maat 45 ,60.0,NIKE,"NOIR, GRIS",45,https://www.vinted.fr/items/2862778848-heren-nike-schoenen-maat-45?referrer=catalog,https://images1.vinted.net/t/01_01bbc_3wyacZwU2TCotk2BiSXFzLi8/310x430/1680521670.jpeg?s=7f9c7e5caa25f7f9b2bcd39bc567912927e5229e,PAYS-BAS,Men
Nike air max 97 talla 44 29cm originales a estrenar,89.0,NIKE,"NOIR, MARINE",44,https://www.vinted.fr/items/3801807056-nike-air-max-97-talla-44-29cm-originales-a-estrenar?referrer=catalog,https://images1.vinted.net/t/03_007ca_oQzwsrcBBHEN26oLisQsqhbk/310x430/1700816128.jpeg?s=baac0adc23835f7066f1f00f86444af2597ea977,ESPAGNE,Men
Nike sneakers,30.0,NIKE,"GRIS, CORAIL",43,https://www.vinted.fr/items/3662243343-nike-sneakers?referrer=catalog,https://images1.vinted.net/t/01_00c42_ne9A1RcQfbkBotvFf47tFnvK/310x430/1698229289.jpeg?s=b03bad07da8d82f7b6b3bec2bc1de6327a665051,"VENLO, PAYS-BAS",Men
"Nike Air Force EU 48,5 US 14 ",60.0,NIKE,"BLANC, ROUGE","48,5",https://www.vinted.fr/items/3844230564-nike-air-force-eu-485-us-14?referrer=catalog,https://images1.vinted.net/t/02_00776_TeHFtehaGh9sZSEJXm3vkoze/310x430/1701692205.jpeg?s=998424cd358af60c6797f4479d9c6e9bf852f93c,"AALSMEER, PAYS-BAS",Men
Sportschoenen Nike,35.0,NIKE,"NOIR, BLANC",38,https://www.vinted.fr/items/681405281-sportschoenen-nike?referrer=catalog,https://images1.vinted.net/t/02_0136f_SvFCwkNS8q7cGfk4JwVQQYJ9/310x430/1604325690.jpeg?s=32add1969855eda2f21ba8c183e274a5626bbc22,"OLMEN, BELGIQUE",Men
Nike air max Ltd maat 42,75.0,NIKE,"NOIR, BLANC",42,https://www.vinted.fr/items/3438659676-nike-air-max-ltd-maat-42?referrer=catalog,https://images1.vinted.net/t/01_01dc3_3xjHYWHQqMAtvc2WxEPQq7BY/310x430/1693925159.jpeg?s=4d3ffd2dcf2fa758d9a61dc0797ead27ea15587e,PAYS-BAS,Men
Zwarte Nike sportschoenen ,12.99,NIKE,"NOIR, ROSE",40,https://www.vinted.fr/items/911729533-zwarte-nike-sportschoenen?referrer=catalog,https://images1.vinted.net/t/02_0017e_6dqyJbUUu7dN1tAGdsWGHQcZ/310x430/1613659657.jpeg?s=221d5f975bbf95e22dc611c917ae7872a235a8e5,"MELLE, BELGIQUE",Men
Nike sneakers,35.0,NIKE,KAKI,"44,5",https://www.vinted.fr/items/2609634936-nike-sneakers?referrer=catalog,https://images1.vinted.net/t/03_00397_UbbXPADUXA7oZgVsYnAvjAD4/310x430/1674250101.jpeg?s=e7b7b35c07cebb6781b7ac4a671269255d0a7265,"SINT-TRUIDEN, BELGIQUE",Men
5 paar schoenenpakket,90.0,NIKE,BLANC,45,https://www.vinted.fr/items/3464922038-5-paar-schoenenpakket?referrer=catalog,https://images1.vinted.net/t/01_00ae1_J2m9YxP95AhzBeNH6zwE9eP3/310x430/1694533942.jpeg?s=af508d006d741f0a0c9fc66976d34c282b41a555,BELGIQUE,Men
Nike Air Max 95 beige black ,120.0,NIKE,NOIR,40,https://www.vinted.fr/items/3900860872-nike-air-max-95-beige-black,https://images1.vinted.net/t/02_0069f_HR4uuq95KXcNridDiaPbhoix/310x430/1703164468.jpeg?s=e0700de5d9e49225bbf4538ff57634dd8ed30243,ESPAGNE,Men
Botas de f√∫tbol nike phantom gt2 academia tala 38.5.  24cm,50.0,NIKE,"NOIR, DOR√â",38,https://www.vinted.fr/items/2553331424-botas-de-futbol-nike-phantom-gt2-academia-tala-385-24cm?referrer=catalog,https://images1.vinted.net/t/02_00e1a_68RJYx69B56NUnXmTL73QMx6/310x430/1672742572.jpeg?s=ffa03821348bb95b886eee088eed06fb57d3838c,ESPAGNE,Men
Vapor max,100.0,NIKE,NOIR,44,https://www.vinted.fr/items/3848618290-vapor-max?referrer=catalog,https://images1.vinted.net/t/03_011d1_PZyZL1gw4PG4tizyHcA6qAA9/310x430/1701787293.jpeg?s=3e4f9f0f46915234c8ff822e5e4c9198d92220ac,"HOOGEVEEN, PAYS-BAS",Men
Nike Air force one 1 Blanche ,50.0,NIKE,BLANC,41,https://www.vinted.fr/items/2811270631-nike-air-force-one-1-blanche?referrer=catalog,https://images1.vinted.net/t/03_01bb2_9uVHW1A3vH97c6xcZTXjM9US/310x430/1680456864.jpeg?s=1c8e554fccefc886f2bffcf812157a78a731607c,"LILLE, FRANCE",Men
Nike Air Essential,100.0,NIKE,GRIS,43,https://www.vinted.fr/items/3898507933-nike-air-essential?referrer=catalog,https://images1.vinted.net/t/03_00b9b_cAKj25Vr1QzZcYRnpB1w66MS/310x430/1703073802.jpeg?s=93443fb833b90caf9aac5687782b34d1ab7a3304,"MIDDELBURG, PAYS-BAS",Men
Nike termina terminator low talla 45.    29cm originales a estrenar,84.99,NIKE,"ORANGE, MARINE",45,https://www.vinted.fr/items/3909055574-nike-termina-terminator-low-talla-45-29cm-originales-a-estrenar?referrer=catalog,https://images1.vinted.net/t/02_00f0f_YB1mut6wX6hwBrfNmFzPmPNc/310x430/1703601357.jpeg?s=718964a38aa95d348f611322b67b160db35323a2,ESPAGNE,Men
Nike LeBron 17 James Gang,185.0,NIKE,"NOIR, MULTICOLORE",44,https://www.vinted.fr/items/3718506290-nike-lebron-17-james-gang?referrer=catalog,https://images1.vinted.net/t/03_0157f_162FfJxfAcVMqGA7KyTMkiyn/310x430/1699208800.jpeg?s=3e6fac29b941433c0fcba0807e067fe116268084,"GRONINGEN, PAYS-BAS",Men
Nike dunk retro,55.0,NIKE,"ORANGE, KAKI",44,https://www.vinted.fr/items/3453002093-nike-dunk-retro?referrer=catalog,https://images1.vinted.net/t/03_0114e_EujdHjsznB2dYXAkSoJ2RLef/310x430/1694275968.jpeg?s=0677e87deaabe4f945b324b3a7087df6c59ae1a9,"KOEKELARE, BELGIQUE",Men
Heren Customized rode Nike schoenen ,23.0,NIKE,ROUGE,44,https://www.vinted.fr/items/3357877628-heren-customized-rode-nike-schoenen?referrer=catalog,https://images1.vinted.net/t/02_00b4d_AEZ6kpGHs6qcRFNE43G8TvVp/310x430/1692201137.jpeg?s=dd45c1538baefa6fc655ca2992bd972117482c46,PAYS-BAS,Men
Nike airmax X patta aqua noise waves,300.0,NIKE,"BLEU, ARGENT√â",39,https://www.vinted.fr/items/3855335652-nike-airmax-x-patta-aqua-noise-waves?referrer=catalog,https://images1.vinted.net/t/02_005ed_R6U3r5MKAZAUThyAvmjScxyx/310x430/1701952880.jpeg?s=a81342af2c8b7083ce73268e15df27761b1f324c,"NIEUWKOOP, PAYS-BAS",Men
Nike Hypervenom zaal voetbalschoenen,35.0,NIKE,"NOIR, VERT",38,https://www.vinted.fr/items/2095869696-nike-hypervenom-zaal-voetbalschoenen?referrer=catalog,https://images1.vinted.net/t/01_01f8c_XAbqqRB8DiWFKUAdZZwc4KmH/310x430/1660147815.jpeg?s=c7b0520a766512aacc06976188ddddcc03ee6d6e,PAYS-BAS,Men
limited edition zwarte voetbalschoenen nike heren,75.0,NIKE,NOIR,"40,5",https://www.vinted.fr/items/3747842649-limited-edition-zwarte-voetbalschoenen-nike-heren?referrer=catalog,https://images1.vinted.net/t/03_01224_NGFGXJaW8whnnCEvho2M5vqu/310x430/1699790801.jpeg?s=e02dfe473bd8949955ef740092ccdef38756d572,PAYS-BAS,Men
Nike air max 90ntalla 38.5 24cm originales a estrenar,89.0,NIKE,"NOIR, GRIS","38,5",https://www.vinted.fr/items/3804924499-nike-air-max-90ntalla-385-24cm-originales-a-estrenar?referrer=catalog,https://images1.vinted.net/t/03_02217_XwPQ49wMXPPscQCJ8GsdUVGe/310x430/1700864952.jpeg?s=f9ac1a4f44fcf7fbe2791ebd7bf8422f45ee1750,ESPAGNE,Men
Nike vaporfly,160.0,NIKE,"NOIR, DOR√â",46,https://www.vinted.fr/items/3914488940-nike-vaporfly?referrer=catalog,https://images1.vinted.net/t/03_01131_RiSphLBChMD7RGVAVqwTXnyb/310x430/1703765657.jpeg?s=ed2edf2cb9ec660cdb8dc05824f5beced8b1a561,"HEERHUGOWAARD, PAYS-BAS",Men
Nike schoenen ,70.0,NIKE,"BLANC, ROUGE",44,https://www.vinted.fr/items/3772268349-nike-schoenen?referrer=catalog,https://images1.vinted.net/t/03_01e34_xm9qh1ZjpBwZTBAVffc2V81e/310x430/1700237924.jpeg?s=d2e8e4c8e5c972351281dfc9ed738a04a12787c1,"WILRIJK, BELGIQUE",Men
"Nike Air Jordan Future (AT0056-003)

",30.0,NIKE,NOIR,41,https://www.vinted.fr/items/3196676463-nike-air-jordan-future-at0056-003?referrer=catalog,https://images1.vinted.net/t/02_0212f_edMqKJ6CoTNsoba4ANJJtKWF/310x430/1688279151.jpeg?s=68c0e2f40bdd4ab19f030c4567a23b963204c4f5,"UTRECHT, PAYS-BAS",Men
Nike sneakers,40.0,NIKE,"VERT FONC√â, KAKI","42,5",https://www.vinted.fr/items/3661983818-nike-sneakers?referrer=catalog,https://images1.vinted.net/t/02_0062f_fYHUSKiwqKrFQrJxrnXfzWjQ/310x430/1698226495.jpeg?s=1f73279b4acdc461ae612a2cd3a7345be3e914af,"VENLO, PAYS-BAS",Men
Nike shock,45.95,NIKE,NOIR,38,https://www.vinted.fr/items/892116413-nike-shock?referrer=catalog,https://images1.vinted.net/t/02_01368_f4XhoMLpcUC21EFDCr1ZgDUv/310x430/1612740269.jpeg?s=90b1d0260a55e2f9d3d4a36c967089edd0618973,"ALMELO, PAYS-BAS",Men
Adapt bb Nike mag ,850.0,NIKE,GRIS,40,https://www.vinted.fr/items/3392939684-adapt-bb-nike-mag?referrer=catalog,https://images1.vinted.net/t/02_013dc_jmtdncKyqoM9K5fGs9xxN1R1/310x430/1693052506.jpeg?s=d03748df5804e525b34df5288b447b14ce810d18,"LA ROCHELLE, FRANCE",Men
Nike Roshe Run Safari ,25.0,NIKE,"NOIR, GRIS",48,https://www.vinted.fr/items/2991214585-nike-roshe-run-safari?referrer=catalog,https://images1.vinted.net/t/03_00152_7BXcMkKHEVXNv91qwK1gvynB/310x430/1683471944.jpeg?s=3e2a3d0edf88c03144109fa85ab8d59afaccd354,"AALSMEER, PAYS-BAS",Men
"Nike Air Force  EU 48,5 US 14 ",60.0,NIKE,"NOIR, ROUGE","48,5",https://www.vinted.fr/items/3844293902-nike-air-force-eu-485-us-14?referrer=catalog,https://images1.vinted.net/t/03_02652_CZaJRhSs7SfN7yUroxoyJgeH/310x430/1701693052.jpeg?s=ddaa5662e014ad18988827da0f2a5c61d64898d9,"AALSMEER, PAYS-BAS",Men
Nike sneakers maat 42 - 43,40.0,NIKE,"NOIR, BLANC",42,https://www.vinted.fr/items/3563868109-nike-sneakers-maat-42-43?referrer=catalog,https://images1.vinted.net/t/02_01a40_fSvYSBALC1j33ATYugu6g2ae/310x430/1696447997.jpeg?s=0b15490a7e2cd140c1e096902039cd7189e0804e,BELGIQUE,Men
Nike mercurial,30.0,NIKE,NOIR,42,https://www.vinted.fr/items/2990487041-nike-mercurial?referrer=catalog,https://images1.vinted.net/t/02_01320_pFGBrGiZNL1rYn3Q98F3LKRy/310x430/1683465493.jpeg?s=a5e9019b648cd452fe8b1895624a1fce222467ce,"MASSEMEN, BELGIQUE",Men
Nike dunk low,95.0,NIKE,"BLANC, BLEU",44,https://www.vinted.fr/items/3871909019-nike-dunk-low?referrer=catalog,https://images1.vinted.net/t/01_01fc6_FXdWFRguFyd1FeZcSUvrqeUv/310x430/1702307148.jpeg?s=a9105733a95523ee31ddd54f895e58a4d0cc6fdb,PAYS-BAS,Men
Nike Airmax Light Green ,50.0,NIKE,"BLANC, VERT",42,https://www.vinted.fr/items/3880276880-nike-airmax-light-green?referrer=catalog,https://images1.vinted.net/t/03_01601_gepPFGDvknwdfmbyoY8g8vNk/310x430/1702500665.jpeg?s=5fe8972692e94a9b030223f0fa1ae7186c4407a2,"BRUNSSUM, PAYS-BAS",Men
"Nike voetbalschoenen maat 38,5 (6)",33.99,NIKE,"NOIR, BLEU",38,https://www.vinted.fr/items/1926479901-nike-voetbalschoenen-maat-385-6,https://images1.vinted.net/t/02_015bd_NfiuzAcpVqEs6g5jvbvX4DzK/310x430/1654071148.jpeg?s=d104a3fd3cd6e36a8a758a0197a6910e55c1bd12,"ALKMAAR, PAYS-BAS",Men
Nike sportschoenen zoom air,40.0,NIKE,"BLANC, DOR√â",43,https://www.vinted.fr/items/2723976933-nike-sportschoenen-zoom-air?referrer=catalog,https://images1.vinted.net/t/03_01fec_GxytKoh4mqxxSKDAVA7STDcK/310x430/1677250853.jpeg?s=196e9f0533999c5400c621fcadd951eddcdc3888,BELGIQUE,Men
Nike Blazer Low x Sacai x Kaws ,95.0,NIKE,VIOLET,"45,5",https://www.vinted.fr/items/3507927625-nike-blazer-low-x-sacai-x-kaws?referrer=catalog,https://images1.vinted.net/t/02_01b2d_o4v9o9W8YGbPgq9nSjDn54dv/310x430/1695402227.jpeg?s=528422fc6850f9a6bba5216ebc3183fb184db21e,"ANTWERPEN, BELGIQUE",Men
"Nike Air Max 180 String/Rust Pink-Baroque Brown 44,5",95.0,NIKE,"BEIGE, ROSE","44,5",https://www.vinted.fr/items/3612721941-nike-air-max-180-stringrust-pink-baroque-brown-445?referrer=catalog,https://images1.vinted.net/t/03_01b9d_81s7zG5RAUZAFUZvMZ9VBL9v/310x430/1697377950.jpeg?s=0dd1861b173a89d2528d4c7888e7ac2a25a85582,"HOENSBROEK, PAYS-BAS",Men
Nike air max 1 PRM sequoia ,110.0,NIKE,"BLANC, KAKI",45,https://www.vinted.fr/items/3864444980-nike-air-max-1-prm-sequoia?referrer=catalog,https://images1.vinted.net/t/03_0153f_7yvgRZPpnWSWGZYdk57YN6dE/310x430/1702152273.jpeg?s=c58fff208220ce493c1c20f3ae16e46219c8f200,"AMSTERDAM, PAYS-BAS",Men
Nike air vapormax talla 44 28cm originales a estrenar ,119.0,NIKE,NOIR,44,https://www.vinted.fr/items/3831656093-nike-air-vapormax-talla-44-28cm-originales-a-estrenar?referrer=catalog,https://images1.vinted.net/t/02_0040a_tdPxtajMiumjbTCXH634A4Pp/310x430/1701427150.jpeg?s=b2c35230ebc2cc074dfac4c271d28835e796df6a,ESPAGNE,Men
Nike internationalist,35.0,NIKE,"NOIR, BLEU",48,https://www.vinted.fr/items/2991797799-nike-internationalist?referrer=catalog,https://images1.vinted.net/t/03_01d52_NJGp1DsSS9ovG6nZyKtTJJEx/310x430/1683476931.jpeg?s=a7b3548143aeb4fcaefef30dacb362fc013a5149,"AALSMEER, PAYS-BAS",Men
Nike blazers maat 44,44.99,NIKE,"NOIR, BLANC",44,https://www.vinted.fr/items/3540438345-nike-blazers-maat-44?referrer=catalog,https://images1.vinted.net/t/02_00b07_f9Shb3uHDaA8CF892qxHFQAG/310x430/1696013431.jpeg?s=0e2862814ae3dd654df6e745b8bf54433b3dd6f4,"LEERDAM, PAYS-BAS",Men
Nike Dunks,75.0,NIKE,BLANC,"40,5",https://www.vinted.fr/items/3571094464-nike-dunks?referrer=catalog,https://images1.vinted.net/t/02_00a47_MAubDR28kSsP74PSpmPwWE2Z/310x430/1696608011.jpeg?s=3771acba7b062cfe07f116fd6a3102941cbade11,PAYS-BAS,Men
Nike Brown Low Plus (Collector's item) Maat 43,40.0,NIKE,"MARRON, BLANC",43,https://www.vinted.fr/items/3495149094-nike-brown-low-plus-collectors-item-maat-43?referrer=catalog,https://images1.vinted.net/t/03_00feb_WXHzZejAovQ3a2uFMk5WN2G3/310x430/1695141625.jpeg?s=dc17941dd05a50a1e95df397ecf24e08a43a1977,"NIJMEGEN, PAYS-BAS",Men
Nike court legacy maat 38,40.0,NIKE,BLANC,38,https://www.vinted.fr/items/1358919843-nike-court-legacy-maat-38?referrer=catalog,https://images1.vinted.net/t/03_01184_XW2ThTYrbUdQfEg3rdyHKHX7/310x430/1633625536.jpeg?s=37370d9cd46aa399468be11a6afd883251e1236b,"BREDA, PAYS-BAS",Men
Nike Sock Dart Cool Grey ,30.0,NIKE,GRIS,"42,5",https://www.vinted.fr/items/3157507290-nike-sock-dart-cool-grey?referrer=catalog,https://images1.vinted.net/t/01_00e53_mx17a49J5UMf4zq7rTX5G5rM/310x430/1687265481.jpeg?s=ba732a9c3cf906efb4438ccabcd97110e893fc42,"ROTTERDAM, PAYS-BAS",Men
Nike Air Force 1 Anniversary Edition - Maat: 45 ,94.95,NIKE,,45,https://www.vinted.fr/items/3913120172-nike-air-force-1-anniversary-edition-maat-45?referrer=catalog,https://images1.vinted.net/t/03_00c0d_E9BptrRFuAMbuTjTLidJMN4i/310x430/1703708067.jpeg?s=8c64f081976136630764a4c6014c92716504ce55,,Men
Nike Tiempo voetbalschoenen,40.0,NIKE,"NOIR, BLANC",39,https://www.vinted.fr/items/2067811392-nike-tiempo-voetbalschoenen?referrer=catalog,https://images1.vinted.net/t/03_002a9_cCXZ99PqBsfSwisLgd6W7aEM/310x430/1659101903.jpeg?s=a9403396649056b4e613052bbe6dc50c484950e1,"WOERDEN, PAYS-BAS",Men
Nike voetbalschoen,45.0,NIKE,"NOIR, GRIS",42,https://www.vinted.fr/items/3526127780-nike-voetbalschoen?referrer=catalog,https://images1.vinted.net/t/02_00544_aaSeYdMJTSrsDzU9RcCTmiCn/310x430/1695728986.jpeg?s=f919a98f42ba68fd105b0f52311916eaa272da87,"BALK, PAYS-BAS",Men
Nike Air Max 1 x Travis Scott Cactus Jack Baroque Brown Size 42.5,430.0,NIKE,"BEIGE, MARRON","42,5",https://www.vinted.fr/items/3899122736-nike-air-max-1-x-travis-scott-cactus-jack-baroque-brown-size-425?referrer=catalog,https://images1.vinted.net/t/03_00d82_wW3iPnHSKop4kBBQFeeQcpAJ/310x430/1703086917.jpeg?s=9c00393428affba68ea1728a30ea630038cfd4a0,"'S-GRAVENHAGE, PAYS-BAS",Men
Nike sneakers,50.0,NIKE,ROUGE,41,https://www.vinted.fr/items/3661924843-nike-sneakers?referrer=catalog,https://images1.vinted.net/t/02_0222a_eU7psXyJiiy6Woeub9GnCctZ/310x430/1698225854.jpeg?s=e0e3069b67e1fa5f8dfaaac4dbf077b76c6a9781,"VENLO, PAYS-BAS",Men
Custom airforce 1 Bieden mag,75.0,NIKE,"BLANC, ROUGE","48,5",https://www.vinted.fr/items/3740466520-custom-airforce-1-bieden-mag?referrer=catalog,https://images1.vinted.net/t/03_011aa_kMF1Vyzib13paSqxgtj1QWfC/310x430/1699647009.jpeg?s=9e6a2a26d9ba960d158d5c4ad59fcf8a8efe9512,"URK, PAYS-BAS",Men
Nike Air Jordan 1 Low SE,200.0,NIKE,"NOIR, TURQUOISE",41,https://www.vinted.fr/items/3265977384-nike-air-jordan-1-low-se?referrer=catalog,https://images1.vinted.net/t/03_0182d_667n9Sb6sivRXZ2gEDf1PMac/310x430/1690031280.jpeg?s=b8508f44411e54bd82aa8c32ebd9e1591235bcdd,"NIEUW-VENNEP, PAYS-BAS",Men
Nike Airmax 90 ‚ÄúRecraft Royal‚Äù EU43 US9.5,115.0,NIKE,"GRIS, BLEU",43,https://www.vinted.fr/items/3846376347-nike-airmax-90-recraft-royal-eu43-us95?referrer=catalog,https://images1.vinted.net/t/01_00c61_YiZ8pk7GsYbvneBcmY2wYKDr/310x430/1701721233.jpeg?s=b4d1158fde7f576798d704194a2349a2c790289f,"EE, PAYS-BAS",Men
Nike dunk high ,95.0,NIKE,VERT FONC√â,"44,5",https://www.vinted.fr/items/3702381779-nike-dunk-high?referrer=catalog,https://images1.vinted.net/t/02_02187_49uhrqdaLLYMPdQeGc5asT2N/310x430/1698952525.jpeg?s=04abb6f08d9e214a6dc0157a207b6cb6bcae4795,PAYS-BAS,Men
Nike schoenen maat 40,50.0,NIKE,NOIR,40,https://www.vinted.fr/items/2600765484-nike-schoenen-maat-40?referrer=catalog,https://images1.vinted.net/t/02_01b7d_D1u1rJD19nsX8t8bFbu3qXRU/310x430/1673990889.jpeg?s=6977379fda84c2d2959732d6235460078af8fff5,"AMSTERDAM, PAYS-BAS",Men
Nike vapormax,45.0,NIKE,DOR√â,"42,5",https://www.vinted.fr/items/2614115373-nike-vapormax?referrer=catalog,https://images1.vinted.net/t/02_00201_AdDr7GMixhxj6H6sgQZVZrs7/310x430/1674387318.jpeg?s=8969251265041fe190a752cd98f32783646660b8,"ZUIDSCHOTE, BELGIQUE",Men
Nike sport schoenen ,40.0,NIKE,BLANC,40,https://www.vinted.fr/items/2708831154-nike-sport-schoenen?referrer=catalog,https://images1.vinted.net/t/03_004bc_Egxpcmrfw1DxN86aF2kFzKQ9/310x430/1676836616.jpeg?s=6e9729903f49073c7af3501d6d252a404cb1e693,"FRANEKER, PAYS-BAS",Men
Air max 95 og mc sp ,180.0,NIKE,MULTICOLORE,46,https://www.vinted.fr/items/3764908369-air-max-95-og-mc-sp?referrer=catalog,https://images1.vinted.net/t/02_0071c_wMS5PXZRh1BicD6UMbkRGpY3/310x430/1700073891.jpeg?s=388d397d58a7e39d9056294468f42cc610215d1c,"BARNEVELD, PAYS-BAS",Men
Nike dunk low panda ,115.0,NIKE,"NOIR, BLANC","47,5",https://www.vinted.fr/items/3908002658-nike-dunk-low-panda,https://images1.vinted.net/t/03_00c7b_yKv95muycTN5VasLra1dWhvB/310x430/1703578383.jpeg?s=f1efea8392cb8e060ba6ab7349a5a5722376bdda,"AMSTERDAM, PAYS-BAS",Men
"Nike Saveleos 10,5",80.0,NIKE,"NOIR, BLANC","44,5",https://www.vinted.fr/items/2601969430-nike-saveleos-105?referrer=catalog,https://images1.vinted.net/t/03_00b43_45NxVCXAKog676wyVMyXVdt9/310x430/1674045693.jpeg?s=bda3cf98889ed28e79bd421538c04854bcee497f,PAYS-BAS,Men
Nike AIR Vapormax - EUR 42 - zwart,90.0,NIKE,"NOIR, DOR√â",42,https://www.vinted.fr/items/3772799874-nike-air-vapormax-eur-42-zwart?referrer=catalog,https://images1.vinted.net/t/01_01c9f_i2XKK1eUqN8V8EWHuFAcsY7S/310x430/1700245773.jpeg?s=5331f7a546be10244ddd02ce0e34bddcd097e3db,BELGIQUE,Men
Nike panda‚Äôs,70.0,NIKE,"NOIR, BLANC",42,https://www.vinted.fr/items/3731362252-nike-pandas?referrer=catalog,https://images1.vinted.net/t/02_00f1d_mRX5EfgTvQ8MckSK6Ng4hwKG/310x430/1699460603.jpeg?s=523bf428d8d030186fc4557425813cdb97b6e786,"DEVENTER, PAYS-BAS",Men
Nike air max talla talla 42.5 27 cm originales a estrenar,89.0,NIKE,"GRIS, ROUGE","42,5",https://www.vinted.fr/items/3831516375-nike-air-max-talla-talla-425-27-cm-originales-a-estrenar?referrer=catalog,https://images1.vinted.net/t/02_010ae_zfTw5MN5Tkoi6mECmJPA3Dor/310x430/1701425037.jpeg?s=9b9f93dccdec8df08de40052a8c1fada644e622c,ESPAGNE,Men
Nike React Element 87,55.0,NIKE,MULTICOLORE,42,https://www.vinted.fr/items/3878623172-nike-react-element-87?referrer=catalog,https://images1.vinted.net/t/02_02267_3ntANsvALKaATxTGvCwpFuvE/310x430/1702474714.jpeg?s=dffec00db356f0cebfa95e2145cc6564dae0a1a0,"BRUNSSUM, PAYS-BAS",Men
Jordan 4 Retro yellow black Thunder,270.0,NIKE,"NOIR, JAUNE",41,https://www.vinted.fr/items/3095688387-jordan-4-retro-yellow-black-thunder?referrer=catalog,https://images1.vinted.net/t/03_00481_GKyLewPVSnXXDDcvF2ESjxNt/310x430/1685818356.jpeg?s=1fc8187cc27b5a9ee96f8c89e3fa62b8c994a204,"EINDHOVEN, PAYS-BAS",Men
Nieuw in doos: Nike Air Jordan 1 Ret low,80.0,NIKE,"VERT FONC√â, KAKI",39,https://www.vinted.fr/items/2835798801-nieuw-in-doos-nike-air-jordan-1-ret-low?referrer=catalog,https://images1.vinted.net/t/02_00ae2_cvUYtErYswmkVs2nAMeiRqg3/310x430/1680094406.jpeg?s=36faea288cb7d2e1a44786dbd7e595586ec02be7,"UTRECHT, PAYS-BAS",Men
Nike Air Max 95 beige black ,120.0,NIKE,NOIR,40,https://www.vinted.fr/items/3900860872-nike-air-max-95-beige-black?referrer=catalog,https://images1.vinted.net/t/02_0069f_HR4uuq95KXcNridDiaPbhoix/310x430/1703164468.jpeg?s=e0700de5d9e49225bbf4538ff57634dd8ed30243,ESPAGNE,Men
Nike phantom voetbalschoenen zwart blauw ( maat 41 ),35.0,NIKE,"NOIR, BLEU",41,https://www.vinted.fr/items/3339324051-nike-phantom-voetbalschoenen-zwart-blauw-maat-41?referrer=catalog,https://images1.vinted.net/t/02_010b4_5mQ6Q7R91o3qv6nVJGNh4SWq/310x430/1691761088.jpeg?s=4b427146917dac86cc0aa9e1423cadd7c6197bd9,"TILBURG, PAYS-BAS",Men
Nike airmax tailwind 4,110.0,NIKE,BLANC,45,https://www.vinted.fr/items/3846861069-nike-airmax-tailwind-4?referrer=catalog,https://images1.vinted.net/t/03_0133f_EVq6rvkw21WyXMgS1ySfdLVt/310x430/1701730988.jpeg?s=7cb0ccd134c1bffc17f5270f01484f0b8ec746c4,"DRIEL, PAYS-BAS",Men
Sneakers Nike air Jordan 4 retro maat 44,250.0,NIKE,"GRIS, BLANC",44,https://www.vinted.fr/items/3404514777-sneakers-nike-air-jordan-4-retro-maat-44?referrer=catalog,https://images1.vinted.net/t/03_0119d_i3FR9ZEMcZJELEcKf4fhgVtf/310x430/1699889702.jpeg?s=57d40959f20728fba630af368e0f5673ce3dd52d,PAYS-BAS,Men
Nike air ,39.99,NIKE,"VIOLET, VERT","42,5",https://www.vinted.fr/items/2972693969-nike-air?referrer=catalog,https://images1.vinted.net/t/02_01465_os7sThWCymZS6zoQ4e1aQ1Cr/310x430/1683041763.jpeg?s=9ac4a9e932ef01d8d0af35f05446516fbe6e92bc,"AMSTELVEEN, PAYS-BAS",Men
Nike airforce hoog,110.0,NIKE,MARRON,41,https://www.vinted.fr/items/3217081040-nike-airforce-hoog?referrer=catalog,https://images1.vinted.net/t/03_0032d_CgTL1STdKwkmh8x3bov6j7Ze/310x430/1688740838.jpeg?s=9fb8df6fc9eb458ba594f6658934b1839d068c49,"DEN HELDER, PAYS-BAS",Men
Nike Airforce 1 - Radio 538 custom,350.0,NIKE,BLANC,39,https://www.vinted.fr/items/3706922185-nike-airforce-1-radio-538-custom?referrer=catalog,https://images1.vinted.net/t/01_00537_XTGXztVrvU9uQiftTghRt8JN/310x430/1699040319.jpeg?s=2390429d89e60a39f5d044871b8970a92b006445,"HILVERSUM, PAYS-BAS",Men
"Nike SB Dunk Low Albino & Preto ""Pearl White"" maat 44",200.0,NIKE,"BLANC, BEIGE",44,https://www.vinted.fr/items/3754215376-nike-sb-dunk-low-albino-preto-pearl-white-maat-44?referrer=catalog,https://images1.vinted.net/t/02_01118_fWEjQJmqFkZ6c1mzFtAgsHpu/310x430/1699879703.jpeg?s=a151785408f626e5fc8163f5e933003a038c32ac,PAYS-BAS,Men
Nike Phantom GT 2 Pro DF FG,40.0,NIKE,"NOIR, BLEU",40,https://www.vinted.fr/items/3305862712-nike-phantom-gt-2-pro-df-fg?referrer=catalog,https://images1.vinted.net/t/03_014c9_6z8JnrPPzTrJ16FrB3yFK2ZA/310x430/1690986909.jpeg?s=fced241d29a52b3965b10321954ea3e7e994bace,"STOLWIJK, PAYS-BAS",Men
"Nike voetbalschoenen maat 38,5 (6)",33.99,NIKE,"NOIR, BLEU",38,https://www.vinted.fr/items/1926479901-nike-voetbalschoenen-maat-385-6?referrer=catalog,https://images1.vinted.net/t/02_015bd_NfiuzAcpVqEs6g5jvbvX4DzK/310x430/1654071148.jpeg?s=d104a3fd3cd6e36a8a758a0197a6910e55c1bd12,"ALKMAAR, PAYS-BAS",Men
Nike Air Jordan 270 Mars,55.0,NIKE,"NOIR, ROUGE","42,5",https://www.vinted.fr/items/3328926634-nike-air-jordan-270-mars?referrer=catalog,https://images1.vinted.net/t/01_0048b_TUPnByxs4FQWgLMZJQ7qLXkW/310x430/1691506732.jpeg?s=4558db1bd99309c89d01a106f0283eaf20494598,"BENNEKOM, PAYS-BAS",Men
Nike air max 95,75.0,NIKE,MOUTARDE,"48,5",https://www.vinted.fr/items/3305573388-nike-air-max-95?referrer=catalog,https://images1.vinted.net/t/02_004be_WZJSzjAvz5eU7gxVgwQZ2Xpr/310x430/1690983541.jpeg?s=4eefdb64c37d0fcac26dfe29f993342971d0edc8,"AALSMEER, PAYS-BAS",Men
Nike Air grijs maat 40 ,50.0,NIKE,GRIS,40,https://www.vinted.fr/items/943585804-nike-air-grijs-maat-40?referrer=catalog,https://images1.vinted.net/t/01_02373_TjZgxwXYcfSQxt3S6VSg7u69/310x430/1615028942.jpeg?s=0e5946eff07cdc6eb0dd89c814dc634125b4e292,PAYS-BAS,Men
Nike Phantom voetbalschoen,30.0,NIKE,"NOIR, DOR√â",42,https://www.vinted.fr/items/2466148422-nike-phantom-voetbalschoen?referrer=catalog,https://images1.vinted.net/t/03_0247b_jDYpfwjzFsogTpW4drk9jRTY/310x430/1669671065.jpeg?s=5e2d271d99e821d310fa3f5c865dda6274bb7b50,"DRUNEN, PAYS-BAS",Men
Nike Air force 1 react LX ,145.0,NIKE,"JAUNE, BLANC",42,https://www.vinted.fr/items/746632591-nike-air-force-1-react-lx?referrer=catalog,https://images1.vinted.net/t/02_0067c_ExqVzmJyjqBCjfsKuJC7a6s2/310x430/1605761306.jpeg?s=9bae53fdca35f0829044fc64692d85cb56b0f102,PAYS-BAS,Men
Groene nike schoenen maat 42,55.0,NIKE,"NOIR, KAKI",42,https://www.vinted.fr/items/3418534961-groene-nike-schoenen-maat-42?referrer=catalog,https://images1.vinted.net/t/01_01c3e_1QPYykE5yfwkfx4WwhRDydjU/310x430/1693509933.jpeg?s=4e73dc9802438d02838eaebbcee490e34d7a8e4a,"AMERSFOORT, PAYS-BAS",Men
Nike Dunk UN/LA court purple,170.0,NIKE,VIOLET,40,https://www.vinted.fr/items/3624420152-nike-dunk-unla-court-purple?referrer=catalog,https://images1.vinted.net/t/02_0249c_Y6wvzq8cSjh3JgwnpWyYVtEs/310x430/1697564144.jpeg?s=72f7aa570f2d32213e7b57c7165eaec82c85b5f9,"PIERSHIL, PAYS-BAS",Men
Botas de f√∫tbol nike phantom gt2 academia tala 38.5.  24cm,50.0,NIKE,"NOIR, DOR√â",38,https://www.vinted.fr/items/2553331424-botas-de-futbol-nike-phantom-gt2-academia-tala-385-24cm,https://images1.vinted.net/t/02_00e1a_68RJYx69B56NUnXmTL73QMx6/310x430/1672742572.jpeg?s=ffa03821348bb95b886eee088eed06fb57d3838c,ESPAGNE,Men
Nike dunk high in wolf grey unisexs,140.0,NIKE,"GRIS, BLANC",39,https://www.vinted.fr/items/3863333582-nike-dunk-high-in-wolf-grey-unisexs?referrer=catalog,https://images1.vinted.net/t/03_00164_zuHD6eFJr9vVRWVUHfj9txSo/310x430/1702136413.jpeg?s=a3c05f1f527b50a6e22467c62219e1b2d55298fc,PAYS-BAS,Men
Nike mercurial x ice zaalvoetbalschoenen,45.0,NIKE,"NOIR, BLEU",42,https://www.vinted.fr/items/261277279-nike-mercurial-x-ice-zaalvoetbalschoenen?referrer=catalog,https://images1.vinted.net/t/01_00958_7QChU18X7Zh6KwE1qke3WmQe/310x430/1601876447.jpeg?s=4d8f1a27f3b34e065548d05a49c863fe1a0206e0,"VEENENDAAL, PAYS-BAS",Men
Nike sportschoenen maat 40,30.0,NIKE,GRIS,40,https://www.vinted.fr/items/2323279189-nike-sportschoenen-maat-40?referrer=catalog,https://images1.vinted.net/t/03_01156_Wpe17cjynuVREfMxXSdAF59t/310x430/1666035844.jpeg?s=32e1ac681b69c14a817138a83b7c8fe43700906a,"RIJSWIJK, PAYS-BAS",Men
Nike Air 180 Dusk to Dawn,200.0,NIKE,"GRIS, VIOLET",40,https://www.vinted.fr/items/2743744348-nike-air-180-dusk-to-dawn?referrer=catalog,https://images1.vinted.net/t/01_01f5e_UpNm2nWxGsKBYxa29i8wYj2X/310x430/1677744295.jpeg?s=cc36229234ef17e62647a2785b25fa2aa13cdd95,"ROTTERDAM, PAYS-BAS",Men
Nike zoom multicolor sneakers si ze 41,37.0,NIKE,"BLEU CLAIR, MARRON",41,https://www.vinted.fr/items/2802333841-nike-zoom-multicolor-sneakers-si-ze-41?referrer=catalog,https://images1.vinted.net/t/03_0154a_7DAcsaVqiwJc4znukDhKa4Nk/310x430/1679152436.jpeg?s=188911e5ac70ceeb2469f4f6deb1cf593218adcb,"MALAGA, ESPAGNE",Men
Nike airmax,90.0,NIKE,"NOIR, ROUGE",39,https://www.vinted.fr/items/2808314466-nike-airmax?referrer=catalog,https://images1.vinted.net/t/03_02085_MKssRNZMR9uuednLJdiVtZiv/310x430/1679258932.jpeg?s=342a799f94bff675a69f00ba6bdfbeb5dbbfe281,PAYS-BAS,Men
Nog zeer mooie Nike React ,25.0,NIKE,MULTICOLORE,41,https://www.vinted.fr/items/1985958126-nog-zeer-mooie-nike-react?referrer=catalog,https://images1.vinted.net/t/02_011b6_eXHnM9D26X1rLqcr4JTbfkWs/310x430/1656370446.jpeg?s=72231d0ce0f45fb0361b5b837a671dcd28f2ae5c,"ROTTERDAM, PAYS-BAS",Men
Nike Blazer low 77‚Äô premium,78.0,NIKE,BEIGE,43,https://www.vinted.fr/items/3508456034-nike-blazer-low-77-premium?referrer=catalog,https://images1.vinted.net/t/03_00865_Rzw5bfxBsF5eMxyTueJcuiK2/310x430/1695410255.jpeg?s=1fc025140fb45c8e54db05d2371175dcdad62c59,PAYS-BAS,Men
nike signal dismix,38.0,NIKE,"ORANGE, BLANC",38,https://www.vinted.fr/items/1487393061-nike-signal-dismix?referrer=catalog,https://images1.vinted.net/t/03_0132f_CpchJTVYVkr62uW5ktau3SvM/310x430/1638540770.jpeg?s=c6b8ed661c5f8eb84cc70c4734d976fae7946706,"LE PERRAY-EN-YVELINES, FRANCE",Men
Nike Air Max Lunarlon,60.0,NIKE,"NOIR, GRIS","48,5",https://www.vinted.fr/items/3464740432-nike-air-max-lunarlon?referrer=catalog,https://images1.vinted.net/t/02_00e21_RRog6UwicTYSQ3H1698YCwGg/310x430/1694531673.jpeg?s=41307cfd26e50d1a5760bc0b4f1bc11acdf1fe5f,"AALSMEER, PAYS-BAS",Men
nike bb mag ,500.0,NIKE,GRIS,44,https://www.vinted.fr/items/471726506-nike-bb-mag?referrer=catalog,https://images1.vinted.net/t/02_00512_Zse5NQ3hh1tXqy4RTs4TL68n/310x430/1605146023.jpeg?s=ea5156012487263ac5a98417424831ab6b0b0370,"ARMANCOURT, FRANCE",Men
Nike air max TW talla 44 28cm originales a estrenar,89.0,NIKE,"BLANC, ROUGE",44,https://www.vinted.fr/items/3804907286-nike-air-max-tw-talla-44-28cm-originales-a-estrenar?referrer=catalog,https://images1.vinted.net/t/01_0219f_SR6YecTiG3qf3ypnrkRpy4TZ/310x430/1700864403.jpeg?s=accf6d28170cf0c1c3c52ebdb1c00fe1a26c607c,ESPAGNE,Men
Nike sneakers.,90.0,NIKE,"NOIR, BLANC",43,https://www.vinted.fr/items/3624642298-nike-sneakers?referrer=catalog,https://images1.vinted.net/t/02_00f69_oym6e9TG2skciai4pohkpfWt/310x430/1697566772.jpeg?s=9c1644a53869883d431d8749bb92d45d93f59a1c,"ANJUM, PAYS-BAS",Men
Nike atsuma,35.0,NIKE,"BLANC, MULTICOLORE",39,https://www.vinted.fr/items/1973574392-nike-atsuma?referrer=catalog,https://images1.vinted.net/t/02_021d5_XvQyw9Maw1wDUVAqs6JNy9Av/310x430/1655626064.jpeg?s=1e51a7a0690ed624f83f3392de6a2270398e0954,"KERKRADE, PAYS-BAS",Men
Nike schoenen,40.0,NIKE,"GRIS, BEIGE","42,5",https://www.vinted.fr/items/2840441176-nike-schoenen?referrer=catalog,https://images1.vinted.net/t/01_02346_kQgdmUR9FKNhvecv14obsQ4g/310x430/1680006313.jpeg?s=5805d97db63208b5a6fc31fb095b0ccb16a742de,"ANTWERP, BELGIQUE",Men
Nike adapt bb mag 2.0,300.0,NIKE,"NOIR, BLANC","40,5",https://www.vinted.fr/items/3645107459-nike-adapt-bb-mag-20?referrer=catalog,https://images1.vinted.net/t/01_00295_E4Vos471w6NtTDDzvz8pgDsK/310x430/1697964839.jpeg?s=5549f83e712a61a81113bb9c7219038d0ee7f335,FRANCE,Men
Nike adapt BB 2.0 Mag black (full set),300.0,NIKE,NOIR,"44,5",https://www.vinted.fr/items/3891339683-nike-adapt-bb-20-mag-black-full-set?referrer=catalog,https://images1.vinted.net/t/01_00cc8_vQHUHs2YpjUr1crqrXqJwmh3/310x430/1702830132.jpeg?s=b953577a870888a435402feefcc0863187e018e0,"AUCH, FRANCE",Men
Nike dunk high schoenen te koop!,90.0,NIKE,"NOIR, BLANC","42,5",https://www.vinted.fr/items/2325143132-nike-dunk-high-schoenen-te-koop?referrer=catalog,https://images1.vinted.net/t/02_0071b_n1kH6Q4LtAbAqMHzA8sy43QF/310x430/1666100140.jpeg?s=e33fd5e48be2071852db1b18d81a79202d167e88,"MOUSCRON, BELGIQUE",Men
Nike air ,50.0,NIKE,"GRIS, ORANGE",39,https://www.vinted.fr/items/1490376482-nike-air?referrer=catalog,https://images1.vinted.net/t/03_00c86_eYe8YgFrQJL6D5HKddc67NyG/310x430/1638663429.jpeg?s=c3d78f76557380e8a59d55ecd28419d8d1cfeda3,BELGIQUE,Men
Nike voetbalschoenen maat 41,50.0,NIKE,"NOIR, JAUNE",41,https://www.vinted.fr/items/1598273478-nike-voetbalschoenen-maat-41?referrer=catalog,https://images1.vinted.net/t/03_01106_fsZYzpZ7yAZ7LEFhXJpfpw1e/310x430/1643544523.jpeg?s=e18af6e5e8de7e098d66abf9633cfb27906e7cf7,"OOSTERHOUT, PAYS-BAS",Men
Nike dunks ,75.0,NIKE,BORDEAUX,40,https://www.vinted.fr/items/3477650515-nike-dunks?referrer=catalog,https://images1.vinted.net/t/03_00c49_CH2TpMV8Y2MyFR7PqHvPnpXa/310x430/1694815469.jpeg?s=e2f0322f08e507103e7df3308fc7048617988c91,"PURMEREND, PAYS-BAS",Men
Nike dunk high fragment ,100.0,NIKE,"NOIR, VIOLET","44,5",https://www.vinted.fr/items/3492687128-nike-dunk-high-fragment?referrer=catalog,https://images1.vinted.net/t/03_0158e_2ikNrgc4jTysfLrAUV2pCgxR/310x430/1695112995.jpeg?s=24a5eeb2b8d0ce7700c58b552af8d1394fd6955c,"HOEVELAKEN, PAYS-BAS",Men
Nike shoes,20.0,NIKE,"BLANC, ARGENT√â","42,5",https://www.vinted.fr/items/2099294532-nike-shoes?referrer=catalog,https://images1.vinted.net/t/01_01763_gnnNE9PZdyQxqRY3tN7pe3Ea/310x430/1660299326.jpeg?s=686e8f6e7ae357619767a46531686fab5c0fadf7,"SITTARD, PAYS-BAS",Men
Nike air max Ltd maat 42,75.0,NIKE,"NOIR, BLANC",42,https://www.vinted.fr/items/3438659676-nike-air-max-ltd-maat-42?referrer=catalog,https://images1.vinted.net/t/01_01dc3_3xjHYWHQqMAtvc2WxEPQq7BY/310x430/1693925159.jpeg?s=4d3ffd2dcf2fa758d9a61dc0797ead27ea15587e,PAYS-BAS,Men
Nike Air Max 95 beige black ,120.0,NIKE,NOIR,40,https://www.vinted.fr/items/3900860872-nike-air-max-95-beige-black,https://images1.vinted.net/t/02_0069f_HR4uuq95KXcNridDiaPbhoix/310x430/1703164468.jpeg?s=e0700de5d9e49225bbf4538ff57634dd8ed30243,ESPAGNE,Men
Blauwe Nike sneakers maat 41,40.0,NIKE,"BLEU, BLANC",41,https://www.vinted.fr/items/3239579354-blauwe-nike-sneakers-maat-41?referrer=catalog,https://images1.vinted.net/t/01_001a4_KGstPw7sthPp5Do5pVCRns8r/310x430/1689336619.jpeg?s=f94bd6f36387e320b61076456edd27f4e6e6c512,PAYS-BAS,Men
Nike air max 2016,50.0,NIKE,BLEU,"48,5",https://www.vinted.fr/items/3305564587-nike-air-max-2016?referrer=catalog,https://images1.vinted.net/t/01_0131f_WVE6bM3An9MGXreUJvRx561T/310x430/1690983438.jpeg?s=e2dd01a887132e0ed6317420271e168d26c0f8d0,"AALSMEER, PAYS-BAS",Men
Nike Magista indoor voetbalschoen bieden mag,80.0,NIKE,JAUNE,"42,5",https://www.vinted.fr/items/554295978-nike-magista-indoor-voetbalschoen-bieden-mag?referrer=catalog,https://images1.vinted.net/t/01_021d8_3xqdD6ZW6cpbqx4hKvDdd3iv/310x430/1595425294.jpeg?s=dd2975ec1d55417d07fb9fa66604a87d34aecb8f,"MALDEGEM, BELGIQUE",Men
"3 nike schoenen maat 42,5 nooit aangedaan",240.0,NIKE,"NOIR, BLANC","42,5",https://www.vinted.fr/items/2562799859-3-nike-schoenen-maat-425-nooit-aangedaan?referrer=catalog,https://images1.vinted.net/t/01_01e0f_CmEVUsBKotBhE63e2s62xePz/310x430/1673012778.jpeg?s=ca1aedbbf66f6d4b38cf9c655043e8cbfb6bf699,"SCHOTEN, BELGIQUE",Men
Voetbalschoen heren 44 nieuw,45.0,NIKE,"NOIR, ROUGE",44,https://www.vinted.fr/items/1705739561-voetbalschoen-heren-44-nieuw?referrer=catalog,https://images1.vinted.net/t/03_00c95_sSVSbvSVACbJhcSt2X8xnnMj/310x430/1647708998.jpeg?s=9949085fd3796b99ff472b7e74b77374477684be,"ROTTERDAM, PAYS-BAS",Men
Heren Nike schoenen ,45.0,NIKE,"NOIR, ROUGE",44,https://www.vinted.fr/items/3152670943-heren-nike-schoenen?referrer=catalog,https://images1.vinted.net/t/01_00d17_3fq8F2FVZmzwMNW8SgrQHKCV/310x430/1687164762.jpeg?s=39f656ed7e8004a29984e06c1e3cf69484eba8a3,"HAASTRECHT, PAYS-BAS",Men
Nike Air Max 95,45.0,NIKE,"NOIR, MULTICOLORE",41,https://www.vinted.fr/items/768509255-nike-air-max-95?referrer=catalog,https://images1.vinted.net/t/02_00a5f_BVyPy7SoMvaVRuwupvD4yA7c/310x430/1606554397.jpeg?s=957946219f1a43194a21b74b0d4842bd245bb5d0,"'S-GRAVENHAGE, PAYS-BAS",Men
Nike airforce D/MS/X,100.0,NIKE,"BLANC, MULTICOLORE",41,https://www.vinted.fr/items/3634438474-nike-airforce-dmsx?referrer=catalog,https://images1.vinted.net/t/01_01c28_XuJXTf3yePYUjbTtzVcRf5Uo/310x430/1697746458.jpeg?s=f77c8561b84dfb5614fe831fdad92c42a17610cf,"VENLO, PAYS-BAS",Men
Blauwe Nike schoenen,120.0,NIKE,MARINE,40,https://www.vinted.fr/items/2677500618-blauwe-nike-schoenen?referrer=catalog,https://images1.vinted.net/t/02_0178c_vwmuqX7PdQ6TqL4AwBFLJpnt/310x430/1676030563.jpeg?s=0e1b244f49a88518c94d5402ee2cf0ca367fc37f,"AMSTERDAM, PAYS-BAS",Men
Nike jordan 1 mid Dutch green,220.0,NIKE,"LILA, VERT","40,5",https://www.vinted.fr/items/3624532771-nike-jordan-1-mid-dutch-green?referrer=catalog,https://images1.vinted.net/t/02_01cd4_E2XP3fnARBVXiB1mpDnockNC/310x430/1697565458.jpeg?s=a953245fdcd5d948e961bebd7a43b1882822962a,"PIERSHIL, PAYS-BAS",Men
Nike Air Force Mid,65.0,NIKE,KAKI,"48,5",https://www.vinted.fr/items/3465207031-nike-air-force-mid?referrer=catalog,https://images1.vinted.net/t/02_00b11_3xPC1fXVCGDSLzF3UPYyfGLs/310x430/1694537482.jpeg?s=dd769e4b6594bb63e86cef752edd534d615ce3b7,"AALSMEER, PAYS-BAS",Men
Nike air Max 97,30.0,NIKE,"NOIR, BLANC",39,https://www.vinted.fr/items/875450283-nike-air-max-97?referrer=catalog,https://images1.vinted.net/t/02_0042a_rq9LZG2tMC3kinKdJg8F6cVZ/310x430/1612057378.jpeg?s=097a346b24ef3252ab2620a0c65ac654a36c4d3a,"ROTTERDAM, PAYS-BAS",Men
Sneakers for trading or selling ,150.0,NIKE,MULTICOLORE,"42,5",https://www.vinted.fr/items/1640096435-sneakers-for-trading-or-selling?referrer=catalog,https://images1.vinted.net/t/03_019a0_ZWQLP21Munj8uNqXzWqYRGGT/310x430/1645115687.jpeg?s=ab5e35b06bbb7c8b81be72eac7a71c41a32aef72,"PUTTEN, PAYS-BAS",Men
Nike Free Inneva Woven Navy,30.0,NIKE,MARINE,"42,5",https://www.vinted.fr/items/638119416-nike-free-inneva-woven-navy?referrer=catalog,https://images1.vinted.net/t/01_0242a_uDeBRjWLThvW3U4P6z4CsLL5/310x430/1601805583.jpeg?s=be7757c3b759656c11191a16c6cc61365844b10a,"ROTTERDAM, PAYS-BAS",Men
Nike crosstrainer,50.0,NIKE,"ROUGE, BLANC","48,5",https://www.vinted.fr/items/3305502648-nike-crosstrainer?referrer=catalog,https://images1.vinted.net/t/03_021b1_CyiPsXVV97SFfAhvUKMKsTr2/310x430/1690982711.jpeg?s=13cd86cc275cde799ede1541b3f8177f53aef065,"AALSMEER, PAYS-BAS",Men
Nike sneaker blauw,12.5,NIKE,"BLEU, MARINE",42,https://www.vinted.fr/items/546385727-nike-sneaker-blauw?referrer=catalog,https://images1.vinted.net/t/01_01d08_n7G4d4w16ib4C8Fruc5qFQ6F/310x430/1594712286.jpeg?s=704bedd0b4cf76c53c087d3f528ea3faf785a98a,"BREDA, PAYS-BAS",Men
Nieuwe Adidas schoenen,120.0,NIKE,"ROUGE, CORAIL",40,https://www.vinted.fr/items/2677498368-nieuwe-adidas-schoenen?referrer=catalog,https://images1.vinted.net/t/01_013d8_oN6sxtaXV6ZgiXgA9XzPJB42/310x430/1676030520.jpeg?s=64f3b8c4407d19f1be7d41767c5da244600ae910,"AMSTERDAM, PAYS-BAS",Men
Air vapormax plus Paris work in progress ,200.0,NIKE,BLANC,"47,5",https://www.vinted.fr/items/3764743622-air-vapormax-plus-paris-work-in-progress?referrer=catalog,https://images1.vinted.net/t/02_0154f_iYLJAA2x1Qo4ysHgzuFabk5d/310x430/1700071775.jpeg?s=c72d69c314a0d767259f14ed9232b29aa598300a,"BARNEVELD, PAYS-BAS",Men
Nike .,90.0,NIKE,BLEU,40,https://www.vinted.fr/items/2370690677-nike?referrer=catalog,https://images1.vinted.net/t/01_01015_6guHqQYMHtHx2tvuBrfpect3/310x430/1667309796.jpeg?s=f3a55fc229427c2cb309bc4b77d87da3c9efd160,"BOURGHELLES, FRANCE",Men
Nike sneakers heren maat 41 ,20.0,NIKE,BLANC,41,https://www.vinted.fr/items/2146684463-nike-sneakers-heren-maat-41?referrer=catalog,https://images1.vinted.net/t/02_012fc_f77o4JigaV34Dv9zL81Fbdzz/310x430/1661778771.jpeg?s=b3224008426d4ab8d28215ed35c53e0f3850cf47,"'S-GRAVENHAGE, PAYS-BAS",Men
Nike Mercurial - bieden mag!,85.0,NIKE,"NOIR, BLEU",40,https://www.vinted.fr/items/3479832302-nike-mercurial-bieden-mag?referrer=catalog,https://images1.vinted.net/t/03_01018_JiFm6cXoviyG5cuacMEA7PC4/310x430/1694871572.jpeg?s=b7ee70b579d2bbf58b4d19e546b7a30fbd7235f1,"HORN, PAYS-BAS",Men
Nike Air Max 95 Ultra - Heren - Grijs - Maat 40,120.0,NIKE,GRIS,40,https://www.vinted.fr/items/2987239353-nike-air-max-95-ultra-heren-grijs-maat-40?referrer=catalog,https://images1.vinted.net/t/01_02605_d49ZgZJyD1xkqgpzcmPCJ1T7/310x430/1683390896.jpeg?s=6a06bc0d0b5892783d93060d92db65c0cbeed6f1,"HAARLEM, PAYS-BAS",Men
Nike react,50.0,NIKE,NOIR,42,https://www.vinted.fr/items/2840424374-nike-react?referrer=catalog,https://images1.vinted.net/t/02_00124_wLcFt6fWhRK5CmqRPzk97VAQ/310x430/1680006087.jpeg?s=34a3c74b13697816bf2b1bb8d2e189e043013b31,"ANTWERP, BELGIQUE",Men
Hoge schoenen van Nike,40.0,NIKE,"NOIR, BLANC",44,https://www.vinted.fr/items/3359358669-hoge-schoenen-van-nike?referrer=catalog,https://images1.vinted.net/t/03_008da_EKyBVYrsnj198sfcRqn273ph/310x430/1692256542.jpeg?s=0306a00cee01a837191d007bf998b2d226e857aa,"PEER, BELGIQUE",Men
Nike sneakers,30.0,NIKE,"GRIS, CORAIL",43,https://www.vinted.fr/items/3662243343-nike-sneakers,https://images1.vinted.net/t/01_00c42_ne9A1RcQfbkBotvFf47tFnvK/310x430/1698229289.jpeg?s=b03bad07da8d82f7b6b3bec2bc1de6327a665051,"VENLO, PAYS-BAS",Men
Nike Court Force,60.0,NIKE,"VERT, ORANGE","48,5",https://www.vinted.fr/items/3465184725-nike-court-force?referrer=catalog,https://images1.vinted.net/t/01_008b4_eK7nKDALj868XyN8r3L6Bx9c/310x430/1694537197.jpeg?s=0db52507a63dc34c13e52e303690d084337d7cb4,"AALSMEER, PAYS-BAS",Men
Huarache Kaki,50.0,NIKE,KAKI,42,https://www.vinted.fr/items/1502487399-huarache-kaki?referrer=catalog,https://images1.vinted.net/t/03_02678_7CYNGoYA6iaWV4Hsac6i5cBR/310x430/1639184829.jpeg?s=286169e8d90e383957adcd6e5b0ec6cf5231b466,"PARIS, FRANCE",Men
Nike freak 1 ,60.0,NIKE,"BLEU, DOR√â",41,https://www.vinted.fr/items/1031580125-nike-freak-1?referrer=catalog,https://images1.vinted.net/t/02_00f85_8hKQTE4RFTXcom3SD36xhA6S/310x430/1618217108.jpeg?s=f3910ff088d7578b9f9387f28c7b40befb39630e,"ZWIJNAARDE, GHENT, BELGIQUE",Men
Grijs blauw Nike air Max sneakers maat 38,70.0,NIKE,"GRIS, TURQUOISE",38,https://www.vinted.fr/items/2029114320-grijs-blauw-nike-air-max-sneakers-maat-38?referrer=catalog,https://images1.vinted.net/t/03_01214_QQmzE9NzXYVMUgeoUsKdd9B3/310x430/1657574161.jpeg?s=5ad1d618e78687b1141e94f14fb12e255c349f12,"HOOGVLIET ROTTERDAM, PAYS-BAS",Men
Nike Lunar Flyknit Chukka Tarp Green,95.0,NIKE,"GRIS, CORAIL",44,https://www.vinted.fr/items/3191668737-nike-lunar-flyknit-chukka-tarp-green?referrer=catalog,https://images1.vinted.net/t/03_020b7_mvyh8474LPinDCc9paWyrafp/310x430/1688133580.jpeg?s=61a68b7bcda36d3bb4aeec1e51eb237a022b5c78,"ALMERE, PAYS-BAS",Men
Nike sneakers,35.0,NIKE,"NOIR, BLANC",45,https://www.vinted.fr/items/2823616419-nike-sneakers?referrer=catalog,https://images1.vinted.net/t/03_00e86_PY52d4232qmMLNpEGF58JgpW/310x430/1679653462.jpeg?s=93d610c4938d3c4bf1d05c5306284848a2dfd4e1,"ALMELO, PAYS-BAS",Men
Nike air Cruz,45.0,NIKE,BLEU,44,https://www.vinted.fr/items/2332736403-nike-air-cruz?referrer=catalog,https://images1.vinted.net/t/03_00083_z6462z5N4knV4eoVSc2wMnAR/310x430/1666294722.jpeg?s=c648c60ae15e07e530cbb2c1293396e0710ba8e4,"AMSTERDAM, PAYS-BAS",Men
Dunk Low ‚ÄúCelestial Gold Suede‚Äù,110.0,NIKE,"BEIGE, BLANC","44,5",https://www.vinted.fr/items/3472670300-dunk-low-celestial-gold-suede?referrer=catalog,https://images1.vinted.net/t/01_01056_doW3A6qD5c81z3Lbk9hg2y3x/310x430/1694703709.jpeg?s=eb3c76dafecfaa957192c832c799172a4b2a45d0,"AMSTERDAM, PAYS-BAS",Men
Sneakers Nike BB Adapt 2020 MAG en taille 47,320.0,NIKE,"GRIS, BLANC",47,https://www.vinted.fr/items/3732565147-sneakers-nike-bb-adapt-2020-mag-en-taille-47?referrer=catalog,https://images1.vinted.net/t/03_00be5_DcphKWzNPdfP92aEXPtc34by/310x430/1699476232.jpeg?s=2e0439214f5b7a301fca5c77f1027df753237237,FRANCE,Men
Nike sportschoenen,17.0,NIKE,"NOIR, BLEU CLAIR",46,https://www.vinted.fr/items/1028085401-nike-sportschoenen?referrer=catalog,https://images1.vinted.net/t/02_00c0e_jTeHksWfXLhdzMu3tSVGEsvF/310x430/1618135754.jpeg?s=df1a4708326e4d3c97bcba111a6c77ca259dc2a6,"LIMBURG, BELGIQUE",Men
nike dunk high chill blue ,140.0,NIKE,"BLANC, BLEU","42,5",https://www.vinted.fr/items/3614723623-nike-dunk-high-chill-blue?referrer=catalog,https://images1.vinted.net/t/02_01265_4s74rJaZyK1QuuAXJGyuS78a/310x430/1697391062.jpeg?s=178622e585ed16c265a8cef94cf836a72616c235,BELGIQUE,Men
Nike - Dunk Hi Retro Premium M2Z2,100.0,NIKE,"BLANC, BEIGE",44,https://www.vinted.fr/items/3503630687-nike-dunk-hi-retro-premium-m2z2?referrer=catalog,https://images1.vinted.net/t/02_02058_ySCgZDUWoKDymp9zt2wjko44/310x430/1695313121.jpeg?s=7b824a120374468a68c4189ef9a20fbc8735d914,"PUTTERSHOEK, PAYS-BAS",Men
Nike Dunk high,100.0,NIKE,ORANGE,44,https://www.vinted.fr/items/3325934855-nike-dunk-high?referrer=catalog,https://images1.vinted.net/t/01_0138f_roVpoqcnhui5H1ZGwWzH529a/310x430/1691433229.jpeg?s=999ce70d6a5ca7924fd68cd40115deedae8771a1,"OUDORP, PAYS-BAS",Men
Nike Lebron Witness V,40.0,NIKE,"NOIR, ROUGE",42,https://www.vinted.fr/items/2446523259-nike-lebron-witness-v?referrer=catalog,https://images1.vinted.net/t/03_01ccd_Zs42pv87tEC6CrhusyZd9DZK/310x430/1669148157.jpeg?s=b294378c924c4ef5b46a59b497e2043929b76a42,"ALMERE, PAYS-BAS",Men
Nike Airmax Light Blue Sneakers ,60.0,NIKE,"BLANC, BLEU","42,5",https://www.vinted.fr/items/3880285126-nike-airmax-light-blue-sneakers?referrer=catalog,https://images1.vinted.net/t/01_022ac_hmveDR8b6TpLaBGdKtWJ6Kt6/310x430/1702500813.jpeg?s=0dd51269d6cddcfdda1f42c43bf64e8fa6f1605e,"BRUNSSUM, PAYS-BAS",Men
Nike air max wolf grey maat 42 black white,160.0,NIKE,"NOIR, GRIS",42,https://www.vinted.fr/items/3701462709-nike-air-max-wolf-grey-maat-42-black-white?referrer=catalog,https://images1.vinted.net/t/02_00964_C1uiiLcHig75BwUCjtcm7iwx/310x430/1698941951.jpeg?s=3162c0fb6135dc4e924e69f74add9e123c416a67,"ROTTERDAM, PAYS-BAS",Men
Nike adapt mag,400.0,NIKE,GRIS,47,https://www.vinted.fr/items/1735742298-nike-adapt-mag?referrer=catalog,https://images1.vinted.net/t/03_0212f_NUDXcr7WXZqJNUUpHndd5xiS/310x430/1648904049.jpeg?s=7b81611c35b589faa078a79e228aaac91ca1cf01,"FRESNES, FRANCE",Men
nike dunk polar blue,130.0,NIKE,"BLANC, BLEU",42,https://www.vinted.fr/items/3614730183-nike-dunk-polar-blue?referrer=catalog,https://images1.vinted.net/t/02_0263e_Hkz9funkDANMhqtQJnASjGUT/310x430/1697391120.jpeg?s=58fcb46b35c389fd0caf7f2f703c075fdd54d82f,BELGIQUE,Men
Nike air Jordan Chicago,100.0,NIKE,"NOIR, BLANC",40,https://www.vinted.fr/items/2796751997-nike-air-jordan-chicago?referrer=catalog,https://images1.vinted.net/t/03_00b07_VfqnN6oVEdJeBfwDCi11fT7W/310x430/1678995949.jpeg?s=35412f298f3619edda2b0e0ec8cb4347fa71cea3,BELGIQUE,Men
Airmaxplus tn1 VT ,125.0,NIKE,"BLANC, KAKI",45,https://www.vinted.fr/items/3588313419-airmaxplus-tn1-vt?referrer=catalog,https://images1.vinted.net/t/01_005af_mNeuKuyyEfBNLYQvaHvgxkQd/310x430/1696924223.jpeg?s=992714da4c874d9a55a69798f2c4693acccafd54,"ANTWERPEN, BELGIQUE",Men
"Nike dunk high panda ( maat 42,5 ",85.0,NIKE,NOIR,"42,5",https://www.vinted.fr/items/3086122036-nike-dunk-high-panda-maat-425?referrer=catalog,https://images1.vinted.net/t/01_000f7_S4x1QXdEVQ6YrN2mzgdLjZQs/310x430/1685606614.jpeg?s=59b8d756bb71d787497fe531665ce3216e250080,"ALMERE, PAYS-BAS",Men
"Nike airzoom zaalvoetbalschoenen maat 47,5",50.0,NIKE,NOIR,47,https://www.vinted.fr/items/2971927890-nike-airzoom-zaalvoetbalschoenen-maat-475?referrer=catalog,https://images1.vinted.net/t/02_01639_9ZWUsDY6bfsdxrXWCyrpnNfG/310x430/1683031154.jpeg?s=d1f4e0474b32c57f0b1f23632a8d12a1747dcbee,"ARNHEM, PAYS-BAS",Men
Nike Vapor Max,,"150,00¬†‚Ç¨",GRIS,Nike,https://www.vinted.fr/items/594540023-nike-vapor-max-maat-36?referrer=catalog,https://images1.vinted.net/t/01_01fc1_zZ5SzEjxKXcNNDqfgkRmSkWN/310x430/1598901729.jpeg?s=a5a87dea8b0c32c160228007c902f0ed5116df08,"MAASTRICHT, PAYS-BAS",Men
Nike High,70.0,NIKE,"NOIR, BEIGE","48,5",https://www.vinted.fr/items/3464669385-nike-high?referrer=catalog,https://images1.vinted.net/t/03_00051_Ko89nKG6AAVYMCV2DUTeARsD/310x430/1694530758.jpeg?s=a93c5faf55844640cfeaac8ef23e06a402d5a277,"AALSMEER, PAYS-BAS",Men
Nike dunk low panda ,115.0,NIKE,"NOIR, BLANC","47,5",https://www.vinted.fr/items/3908002658-nike-dunk-low-panda,https://images1.vinted.net/t/03_00c7b_yKv95muycTN5VasLra1dWhvB/310x430/1703578383.jpeg?s=f1efea8392cb8e060ba6ab7349a5a5722376bdda,"AMSTERDAM, PAYS-BAS",Men
Nike Mach Force,85.0,NIKE,"NOIR, ROSE","48,5",https://www.vinted.fr/items/3464658446-nike-mach-force?referrer=catalog,https://images1.vinted.net/t/03_01d6d_5Ux6zdhagbHZV24ASNMfaLzk/310x430/1694530618.jpeg?s=c5f0e1d8493b81f934e2b6da03e832d47ea8ab49,"AALSMEER, PAYS-BAS",Men
Nike air max,60.0,NIKE,"BLEU, BLANC","48,5",https://www.vinted.fr/items/3305555034-nike-air-max?referrer=catalog,https://images1.vinted.net/t/01_01627_iqpWG6zLKLfTMMyqSJ7cHv8q/310x430/1690983324.jpeg?s=47edcb15e2f21e0327be6f7a8d49b609d91505d7,"AALSMEER, PAYS-BAS",Men
Nike dunk low oranje groen,,"100,00¬†‚Ç¨","ORANGE, VERT",Nike,https://www.vinted.fr/items/3406528522-nike-dunk-low-oranje-groen-miami-hurricanes?referrer=catalog,https://images1.vinted.net/t/02_01abb_DcRYwZSHgup18V6XAzHhMNg1/310x430/1693307434.jpeg?s=6505ce65e5409905027d47d771404e07e58fc9e1,PAYS-BAS,Men
Nike air force maat 45,80.0,NIKE,"BLANC, BEIGE",45,https://www.vinted.fr/items/3717075475-nike-air-force-maat-45?referrer=catalog,https://images1.vinted.net/t/01_02052_YkK8e8sy3nsi71jm7fBBwb1w/310x430/1699199096.jpeg?s=6ea87f672bae19f91f7c2020756a4a3ad25eedcc,"TIEL, PAYS-BAS",Men
Nike Blazer ,62.0,NIKE,"BLANC, MARINE",45,https://www.vinted.fr/items/3200827008-nike-blazer?referrer=catalog,https://images1.vinted.net/t/01_0258c_eXfQAQwtj3jPkbDC5SWsYnQw/310x430/1688330350.jpeg?s=1494979c98ebeb9f4d9fc45a3813b11d094a5b9e,PAYS-BAS,Men
Nike Zoom,30.0,NIKE,"ROUGE, BLANC",45,https://www.vinted.fr/items/2102345276-nike-zoom?referrer=catalog,https://images1.vinted.net/t/03_00e3b_L2RVEEHKFTXYAaGsAGC1RFiR/310x430/1660413355.jpeg?s=202f39b4346aa633a22b72aee79aed5aad37c2d2,PAYS-BAS,Men
nike dunks low ,70.0,NIKE,"BLEU, JAUNE","44,5",https://www.vinted.fr/items/3030689982-nike-dunks-low?referrer=catalog,https://images1.vinted.net/t/02_00416_JqwJrsrd4sZi1VDCsowpMwDD/310x430/1684327455.jpeg?s=54cdcce0566f22c9856d75ce553683bdc7e49f1f,"HEERHUGOWAARD, PAYS-BAS",Men
Nike Kyrie Irving 2 (GS) Effect,50.0,NIKE,"NOIR, GRIS",40,https://www.vinted.fr/items/1420819338-nike-kyrie-irving-2-gs-effect?referrer=catalog,https://images1.vinted.net/t/03_01741_eQAR12V9BLFYdpjAFAGS3qBv/310x430/1636039427.jpeg?s=98aac9e0e47911c9b42237ba12c5428153ef557c,BELGIQUE,Men
Basket schoenen ,120.0,NIKE,"NOIR, BLANC",38,https://www.vinted.fr/items/511506888-basket-schoenen?referrer=catalog,https://images1.vinted.net/t/01_0269b_1BUNRtipD43W2hajBpYuJswa/310x430/1601182079.jpeg?s=b14790f49d816ada925b81dcab15e73fc2708801,"EVERGEM, BELGIQUE",Men
Nike air max 720,,"109,95¬†‚Ç¨","NOIR, MULTICOLORE",Nike,https://www.vinted.fr/items/936910666-nike-air-max-720-blackhyper-crimson?referrer=catalog,https://images1.vinted.net/t/02_00dba_ywGsAULyd6QNLf8gmYSRs8VC/310x430/1614714025.jpeg?s=584577ef1de9a49dfa9dc3ce33a26446e50ca8cb,BELGIQUE,Men
Nike schoenen ,120.0,NIKE,"NOIR, MARRON",40,https://www.vinted.fr/items/2677505601-nike-schoenen?referrer=catalog,https://images1.vinted.net/t/01_01828_TS4mFmDfVifFtcGJJsqdUBJs/310x430/1676030659.jpeg?s=c4e24643243b68b94e7eae3891a4eed4fc7d55ab,"AMSTERDAM, PAYS-BAS",Men
nike schoenen,45.0,NIKE,"NOIR, GRIS","42,5",https://www.vinted.fr/items/1774868447-nike-schoenen?referrer=catalog,https://images1.vinted.net/t/03_0091d_rd6DYwNPvUhWgvYEEZ434yqg/310x430/1650439099.jpeg?s=93478a64e6275f198da1f627f8c0418574b933c4,PAYS-BAS,Men
Nike Swoosh Hunter beige ,95.0,NIKE,"BEIGE, ABRICOT",44,https://www.vinted.fr/items/1407804379-nike-swoosh-hunter-beige?referrer=catalog,https://images1.vinted.net/t/03_01fce_amhUeZ5V3pchAr8nXsBpC5ae/310x430/1649403307.jpeg?s=2ec33da8066f11a7c444b67ccb38e6042f77b7b2,FRANCE,Men
Nike tear away maat 42.5,100.0,NIKE,MULTICOLORE,"42,5",https://www.vinted.fr/items/2631554089-nike-tear-away-maat-425?referrer=catalog,https://images1.vinted.net/t/02_019da_rAfuwjkqGbM3kYCWPURZ3rvJ/310x430/1674839134.jpeg?s=dcf15ccae473806a1b9058875582c83a10876e70,"AMSTERDAM, PAYS-BAS",Men
Nike air max 97 ,50.0,NIKE,ARGENT√â,38,https://www.vinted.fr/items/276452825-nike-air-max-97?referrer=catalog,https://images1.vinted.net/t/01_0259e_FYhJvqszaLHBsLHgq6i71xH1/310x430/1602047637.jpeg?s=d09ef77094f4ae21dd2be4516b3ce445dc2aa42b,PAYS-BAS,Men
Nike Air Max Alpha,52.5,NIKE,NOIR,44,https://www.vinted.fr/items/1275811922-nike-air-max-alpha?referrer=catalog,https://images1.vinted.net/t/02_00ff9_2QG2QeJRF4c25pjDvp9NUxC8/310x430/1629965994.jpeg?s=93d2cc70f35c3d7b057b2289499c982f58907d53,"DEN HELDER, PAYS-BAS",Men
